t,o,h,l,c,v
1719100800,0.27864,0.28694,0.27804,0.28622,72193.0
1719115200,0.28644,0.28671,0.28259,0.28422,29988.0
1719129600,0.28421,0.28772,0.27922,0.28038,100681.0
1719144000,0.28056,0.28085,0.27281,0.27354,60596.0
1719158400,0.27343,0.27412,0.2671,0.26986,256380.0
1719172800,0.27005,0.2705,0.26301,0.26733,213548.0
1719187200,0.26743,0.27243,0.26487,0.26752,159893.0
1719201600,0.26773,0.26784,0.25565,0.25988,500431.0
1719216000,0.26017,0.2678,0.25432,0.26399,618357.0
1719230400,0.26394,0.26789,0.25891,0.26025,308170.0
1719244800,0.26021,0.26795,0.25943,0.2621,618114.0
1719259200,0.26399,0.27282,0.25956,0.27015,374856.0
1719273600,0.26934,0.27544,0.2671,0.27385,146099.0
1719288000,0.27359,0.27516,0.26921,0.26961,76634.0
1719302400,0.2699,0.27318,0.26619,0.27197,112525.0
1719316800,0.27201,0.28044,0.27051,0.27913,94304.0
1719331200,0.27882,0.28057,0.27572,0.27916,125781.0
1719345600,0.27911,0.28077,0.27484,0.27597,121957.0
1719360000,0.2758,0.28234,0.27413,0.27689,160745.0
1719374400,0.27684,0.27765,0.27194,0.27561,1262606.0
1719388800,0.27565,0.27614,0.26975,0.27113,69410.0
1719403200,0.27125,0.27518,0.26795,0.26903,207139.0
1719417600,0.26927,0.26973,0.26247,0.26762,353729.0
1719432000,0.26825,0.27088,0.2642,0.2645,29752.0
1719446400,0.26457,0.26643,0.26304,0.26359,109865.0
1719460800,0.26365,0.26429,0.25721,0.25927,66441.0
1719475200,0.25927,0.26474,0.25884,0.26351,112716.0
1719489600,0.26412,0.27625,0.26412,0.27141,140243.0
1719504000,0.27186,0.27375,0.26904,0.27124,70657.0
1719518400,0.27135,0.27285,0.27032,0.27076,51553.0
1719532800,0.27077,0.27539,0.26805,0.27359,40152.0
1719547200,0.27378,0.27383,0.2663,0.26834,50615.0
1719561600,0.2686,0.27089,0.26768,0.26992,26236.0
1719576000,0.26988,0.2739,0.26448,0.26752,80747.0
1719590400,0.26648,0.26687,0.25841,0.25909,119193.0
1719604800,0.25971,0.26039,0.2517,0.25208,198675.0
1719619200,0.2518,0.25724,0.2508,0.25365,120964.0
1719633600,0.25342,0.25561,0.25053,0.25342,50853.0
1719648000,0.25345,0.25453,0.25112,0.25263,90469.0
1719662400,0.25266,0.25417,0.25064,0.2519,69171.0
1719676800,0.25204,0.25204,0.23774,0.24127,225218.0
1719691200,0.24102,0.24171,0.23458,0.23533,138762.0
1719705600,0.23518,0.23863,0.2319,0.2328,129300.0
1719720000,0.23304,0.23908,0.22898,0.23897,117594.0
1719734400,0.239,0.24139,0.23717,0.2374,62629.0
1719748800,0.23725,0.23959,0.23547,0.23883,146970.0
1719763200,0.23918,0.23925,0.23358,0.23694,102933.0
1719777600,0.23688,0.24217,0.23403,0.24118,242094.0
1719792000,0.24108,0.24603,0.23899,0.24228,83353.0
1719806400,0.24223,0.24338,0.23912,0.24204,54537.0
1719820800,0.24198,0.24337,0.23467,0.23578,272027.0
1719835200,0.2364,0.2378,0.23234,0.23618,112066.0
1719849600,0.23613,0.24258,0.23518,0.24149,259026.0
1719864000,0.2423,0.2423,0.2326,0.23339,45453.0
1719878400,0.23293,0.2396,0.23103,0.23677,141213.0
1719892800,0.2367,0.24117,0.23328,0.23526,56366.0
1719907200,0.23509,0.24066,0.23455,0.23784,285399.0
1719921600,0.23811,0.24252,0.23575,0.23609,140630.0
1719936000,0.23592,0.24094,0.23035,0.23972,387569.0
1719950400,0.24033,0.24033,0.23651,0.23783,34767.0
1719964800,0.23782,0.24093,0.22702,0.2297,79606.0
1719979200,0.22944,0.23446,0.22551,0.23203,112057.0
1719993600,0.23192,0.23274,0.22251,0.22603,411533.0
1720008000,0.22598,0.22733,0.22082,0.22205,129214.0
1720022400,0.2217,0.22345,0.21274,0.21382,67414.0
1720036800,0.21389,0.21582,0.21177,0.21401,303309.0
1720051200,0.21428,0.21641,0.20112,0.21245,936724.0
1720065600,0.21237,0.21423,0.20753,0.20832,115913.0
1720080000,0.20855,0.21123,0.20532,0.20873,200914.0
1720094400,0.20947,0.20947,0.1991,0.2041,283093.0
1720108800,0.20423,0.20423,0.19903,0.1994,155686.0
1720123200,0.19945,0.20242,0.18867,0.19036,102726.0
1720137600,0.19014,0.19017,0.16217,0.16692,1722221.0
1720152000,0.16636,0.17592,0.16256,0.1707,575168.0
1720166400,0.17034,0.17342,0.16432,0.1727,250732.0
1720180800,0.17269,0.17823,0.17023,0.17698,899355.0
1720195200,0.17662,0.17893,0.17089,0.17099,288169.0
1720209600,0.17131,0.1729,0.16908,0.16977,102732.0
1720224000,0.17006,0.178,0.1681,0.17363,423544.0
1720238400,0.17388,0.17921,0.17092,0.17862,88713.0
1720252800,0.17844,0.17942,0.17492,0.17763,82810.0
1720267200,0.17744,0.18092,0.17533,0.18031,108379.0
1720281600,0.1802,0.18923,0.17956,0.18923,122181.0
1720296000,0.18975,0.19522,0.18886,0.19212,286664.0
1720310400,0.19203,0.19283,0.18772,0.19012,217287.0
1720324800,0.1901,0.19382,0.18481,0.18903,108782.0
1720339200,0.18959,0.19992,0.1894,0.19727,142790.0
1720353600,0.19716,0.20185,0.18894,0.19068,565958.0
1720368000,0.19093,0.1998,0.19071,0.19609,814234.0
1720382400,0.19634,0.19663,0.18627,0.1873,87449.0
1720396800,0.18761,0.19465,0.17881,0.1914,847257.0
1720411200,0.1915,0.1964,0.18917,0.19167,244194.0
1720425600,0.19143,0.20652,0.19116,0.2026,589110.0
1720440000,0.20273,0.20333,0.18974,0.19422,711839.0
1720454400,0.19424,0.19714,0.19121,0.19521,331422.0
1720468800,0.19533,0.19965,0.19426,0.19825,255103.0
1720483200,0.19806,0.20184,0.19518,0.19818,238480.0
1720497600,0.19784,0.19784,0.19417,0.1943,141283.0
1720512000,0.19412,0.1968,0.18942,0.1913,171396.0
1720526400,0.19126,0.19379,0.18879,0.19214,156989.0
1720540800,0.19189,0.19459,0.18962,0.19285,79936.0
1720555200,0.1927,0.19499,0.1916,0.19313,67672.0
1720569600,0.19306,0.1955,0.18962,0.1955,61008.0
1720584000,0.1952,0.20234,0.19509,0.19987,74865.0
1720598400,0.20002,0.20002,0.19362,0.19549,337801.0
1720612800,0.19526,0.20009,0.19375,0.19916,91676.0
1720627200,0.19876,0.20111,0.19595,0.19656,114449.0
1720641600,0.19631,0.19652,0.19365,0.19577,78917.0
1720656000,0.19567,0.19814,0.19205,0.19384,124427.0
1720670400,0.19373,0.19724,0.19315,0.19605,42328.0
1720684800,0.19585,0.19609,0.19221,0.19363,84957.0
1720699200,0.19358,0.1981,0.18688,0.18738,198002.0
1720713600,0.18762,0.18972,0.18479,0.18712,96559.0
1720728000,0.1868,0.18723,0.18005,0.18106,244528.0
1720742400,0.18145,0.18464,0.17969,0.18275,166230.0
1720756800,0.18279,0.18366,0.18043,0.18176,122490.0
1720771200,0.1816,0.18266,0.17715,0.17783,63076.0
1720785600,0.17839,0.18376,0.17743,0.18354,123803.0
1720800000,0.18331,0.18921,0.18296,0.18577,171989.0
1720814400,0.18559,0.18571,0.18339,0.18561,64553.0
1720828800,0.18607,0.18993,0.18568,0.18824,43279.0
1720843200,0.188,0.19212,0.18712,0.19008,63162.0
1720857600,0.19006,0.19032,0.18682,0.1871,90247.0
1720872000,0.18712,0.18806,0.18412,0.18622,50620.0
1720886400,0.18618,0.18761,0.18497,0.18621,90430.0
1720900800,0.18639,0.19152,0.18389,0.18751,154204.0
1720915200,0.18752,0.1902,0.1868,0.1886,131180.0
1720929600,0.1885,0.19079,0.18811,0.18904,57371.0
1720944000,0.18927,0.19109,0.18772,0.18792,80440.0
1720958400,0.18791,0.18791,0.18402,0.18692,130934.0
1720972800,0.18724,0.18923,0.18554,0.18574,37664.0
1720987200,0.18551,0.19458,0.18435,0.19248,191800.0
1721001600,0.19266,0.19759,0.19185,0.19668,96651.0
1721016000,0.19675,0.19918,0.19505,0.19705,54838.0
1721030400,0.19705,0.19897,0.19295,0.19434,154093.0
1721044800,0.19464,0.19855,0.19447,0.19777,61318.0
1721059200,0.19733,0.2037,0.19661,0.20269,120953.0
1721073600,0.20325,0.20998,0.20256,0.209,75756.0
1721088000,0.20896,0.21051,0.20687,0.20994,123640.0
1721102400,0.20989,0.21132,0.20052,0.20107,267517.0
1721116800,0.20135,0.2057,0.19786,0.20387,130334.0
1721131200,0.20389,0.21241,0.20233,0.21212,470037.0
1721145600,0.21218,0.21661,0.21022,0.21317,418710.0
1721160000,0.21326,0.21388,0.20994,0.21176,165801.0
1721174400,0.2118,0.2202,0.2116,0.21656,128513.0
1721188800,0.2167,0.22773,0.21626,0.2257,174531.0
1721203200,0.22558,0.22562,0.21861,0.22098,180985.0
1721217600,0.2209,0.22525,0.22019,0.22108,498344.0
1721232000,0.22033,0.22355,0.21389,0.22235,545695.0
1721246400,0.22223,0.23641,0.22213,0.22606,982404.0
1721260800,0.2256,0.23507,0.22543,0.23004,128233.0
1721275200,0.23012,0.24013,0.22549,0.23619,293206.0
1721289600,0.23475,0.23703,0.23188,0.23432,156823.0
1721304000,0.23423,0.23705,0.22368,0.22403,586162.0
1721318400,0.22432,0.22695,0.21741,0.21825,109936.0
1721332800,0.21811,0.22558,0.21612,0.22498,110620.0
1721347200,0.22568,0.22627,0.21871,0.22268,372742.0
1721361600,0.223,0.2239,0.21657,0.21707,146149.0
1721376000,0.21692,0.21755,0.21276,0.21591,187215.0
1721390400,0.21593,0.22681,0.21585,0.2261,233937.0
1721404800,0.22661,0.23069,0.2261,0.22907,119918.0
1721419200,0.22915,0.23341,0.22871,0.23157,409885.0
1721433600,0.23195,0.23211,0.22861,0.231,147736.0
1721448000,0.23063,0.23547,0.23002,0.23477,89061.0
1721462400,0.2346,0.23654,0.22874,0.22913,381402.0
1721476800,0.22911,0.23219,0.22485,0.23121,81852.0
1721491200,0.23148,0.23248,0.2291,0.22929,86301.0
1721505600,0.22915,0.23082,0.22795,0.2291,92095.0
1721520000,0.22889,0.23013,0.22639,0.22781,113556.0
1721534400,0.22765,0.22891,0.22252,0.22324,86144.0
1721548800,0.22327,0.22819,0.22327,0.22549,44220.0
1721563200,0.2248,0.22651,0.22218,0.22546,91102.0
1721577600,0.22539,0.2268,0.21242,0.22019,368251.0
1721592000,0.22055,0.23401,0.22038,0.233,73310.0
1721606400,0.23345,0.23598,0.22967,0.2311,109307.0
1721620800,0.23109,0.235,0.22137,0.2218,162179.0
1721635200,0.22159,0.2267,0.22016,0.2263,45818.0
1721649600,0.22646,0.2285,0.21888,0.21991,119104.0
1721664000,0.21982,0.22401,0.2191,0.22362,79151.0
1721678400,0.22381,0.22466,0.21029,0.21192,126366.0
1721692800,0.21183,0.21741,0.2116,0.21345,79501.0
1721707200,0.21349,0.21434,0.20506,0.20717,87213.0
1721721600,0.2071,0.21847,0.2071,0.21474,70175.0
1721736000,0.21497,0.21556,0.2099,0.21024,128001.0
1721750400,0.20977,0.20977,0.20223,0.20566,197509.0
1721764800,0.20589,0.20691,0.20172,0.20347,75885.0
1721779200,0.20289,0.20823,0.20189,0.20663,106800.0
1721793600,0.20641,0.2073,0.20269,0.20538,80344.0
1721808000,0.20544,0.20884,0.20484,0.20841,80389.0
1721822400,0.20792,0.20876,0.1996,0.20043,129172.0
1721836800,0.20028,0.20502,0.19692,0.1985,94077.0
1721851200,0.19865,0.20041,0.19229,0.19401,81598.0
1721865600,0.19411,0.19582,0.1828,0.18563,321270.0
1721880000,0.18537,0.18876,0.18437,0.18692,71033.0
1721894400,0.18697,0.18892,0.18449,0.18604,143094.0
1721908800,0.18601,0.18978,0.18287,0.18688,75990.0
1721923200,0.18701,0.18887,0.17852,0.18119,103642.0
1721937600,0.18139,0.18829,0.17771,0.1874,64227.0
1721952000,0.18726,0.19282,0.18659,0.19048,117339.0
1721966400,0.19047,0.19562,0.19047,0.19492,82858.0
1721980800,0.19463,0.1965,0.19301,0.19433,87036.0
1721995200,0.19421,0.19752,0.19239,0.19611,115725.0
1722009600,0.19609,0.20179,0.196,0.20102,44768.0
1722024000,0.2011,0.20167,0.19989,0.20048,52348.0
1722038400,0.20117,0.20148,0.19748,0.19822,96140.0
1722052800,0.19847,0.20201,0.19841,0.2004,37734.0
1722067200,0.2004,0.20232,0.1998,0.20168,40073.0
1722081600,0.20171,0.20582,0.19758,0.19905,67000.0
1722096000,0.19938,0.20052,0.19475,0.19819,81663.0
1722110400,0.19767,0.20663,0.19421,0.20184,173010.0
1722124800,0.20168,0.20172,0.19725,0.19728,194943.0
1722139200,0.19714,0.19728,0.19257,0.19572,186631.0
1722153600,0.19553,0.19969,0.19468,0.19816,84722.0
1722168000,0.19847,0.19847,0.1931,0.19329,42751.0
1722182400,0.1934,0.194,0.19171,0.19249,38642.0
1722196800,0.19229,0.19244,0.18742,0.1921,57498.0
1722211200,0.19186,0.20207,0.19115,0.19923,132974.0
1722225600,0.19944,0.20183,0.19863,0.20061,51668.0
1722240000,0.20073,0.20201,0.1987,0.19893,86647.0
1722254400,0.19904,0.19972,0.1905,0.19242,108505.0
1722268800,0.19214,0.19254,0.1889,0.18978,844979.0
1722283200,0.18962,0.1904,0.18709,0.18709,70753.0
1722297600,0.18711,0.19169,0.18462,0.19017,74531.0
1722312000,0.19022,0.19167,0.18779,0.19098,114053.0
1722326400,0.19104,0.19189,0.18854,0.18904,71052.0
1722340800,0.1891,0.19005,0.18544,0.18761,176013.0
1722355200,0.18758,0.18873,0.17971,0.1804,99600.0
1722369600,0.18031,0.18236,0.17777,0.1807,189118.0
1722384000,0.1807,0.18531,0.17898,0.1824,139928.0
1722398400,0.18228,0.18544,0.17963,0.18312,167333.0
1722412800,0.18336,0.18436,0.18097,0.18278,50359.0
1722427200,0.18278,0.18784,0.18267,0.18393,190705.0
1722441600,0.1839,0.18612,0.17987,0.18107,272575.0
1722456000,0.1811,0.1811,0.17728,0.17846,112878.0
1722470400,0.17829,0.18109,0.17758,0.17969,87683.0
1722484800,0.17971,0.17988,0.16969,0.17546,227284.0
1722499200,0.17561,0.17911,0.17538,0.17681,177530.0
1722513600,0.17654,0.17879,0.16764,0.1682,110169.0
1722528000,0.16748,0.16748,0.15714,0.16191,209384.0
1722542400,0.16203,0.17344,0.16105,0.17303,94344.0
1722556800,0.173,0.17483,0.16582,0.1677,73292.0
1722571200,0.16802,0.1682,0.16172,0.16533,105359.0
1722585600,0.16534,0.16843,0.16304,0.16754,80467.0
1722600000,0.16769,0.17163,0.15684,0.16305,322289.0
1722614400,0.16314,0.16314,0.15502,0.15685,203745.0
1722628800,0.15697,0.15819,0.15263,0.15414,142427.0
1722643200,0.15439,0.15535,0.14895,0.15312,254009.0
1722657600,0.15306,0.15656,0.15241,0.15483,135551.0
1722672000,0.15456,0.1555,0.15302,0.15372,84688.0
1722686400,0.15383,0.15625,0.14844,0.14864,95550.0
1722700800,0.14885,0.14923,0.13822,0.13822,267104.0
1722715200,0.13814,0.14242,0.13735,0.14174,239140.0
1722729600,0.14158,0.14674,0.14105,0.14535,70454.0
1722744000,0.14555,0.14617,0.14222,0.14222,80470.0
1722758400,0.14245,0.14443,0.14178,0.14342,57979.0
1722772800,0.14368,0.14515,0.13401,0.13401,250081.0
1722787200,0.13432,0.13791,0.12665,0.13715,428707.0
1722801600,0.13706,0.13925,0.13194,0.13224,157757.0
1722816000,0.13257,0.13383,0.11174,0.11403,1764605.0
1722830400,0.11343,0.11597,0.10203,0.11498,1855190.0
1722844800,0.11473,0.11599,0.10624,0.11056,709414.0
1722859200,0.11054,0.12417,0.10697,0.12277,971227.0
1722873600,0.12228,0.12507,0.11694,0.11879,562086.0
1722888000,0.11896,0.12116,0.11836,0.11898,204112.0
1722902400,0.11888,0.13021,0.11888,0.12576,249619.0
1722916800,0.12579,0.13129,0.12521,0.12968,224450.0
1722931200,0.12935,0.12991,0.12538,0.12637,226956.0
1722945600,0.12625,0.13248,0.12499,0.13076,451313.0
1722960000,0.13066,0.13231,0.12909,0.12988,281543.0
1722974400,0.1298,0.13201,0.12891,0.12985,134066.0
1722988800,0.12969,0.13491,0.12852,0.13477,283229.0
1723003200,0.135,0.13743,0.13321,0.13394,185488.0
1723017600,0.13412,0.13512,0.1314,0.13161,169184.0
1723032000,0.13174,0.1343,0.12701,0.12848,296034.0
1723046400,0.12871,0.12899,0.12539,0.12679,213436.0
1723060800,0.12648,0.12785,0.12447,0.1269,226128.0
1723075200,0.12649,0.13448,0.12487,0.13157,125483.0
1723089600,0.13179,0.1333,0.13088,0.13107,182659.0
1723104000,0.13109,0.13246,0.13099,0.13148,153571.0
1723118400,0.13128,0.1355,0.13067,0.1349,171770.0
1723132800,0.13515,0.13675,0.13368,0.1338,251065.0
1723147200,0.13416,0.14249,0.13393,0.14195,189406.0
1723161600,0.14157,0.14278,0.13809,0.13889,119118.0
1723176000,0.1386,0.13912,0.13549,0.13801,85256.0
1723190400,0.13795,0.13809,0.13379,0.1344,143021.0
1723204800,0.13445,0.13525,0.13069,0.13077,313408.0
1723219200,0.13099,0.13247,0.12997,0.13118,99328.0
1723233600,0.13115,0.13296,0.13008,0.13254,125381.0
1723248000,0.13228,0.13489,0.13167,0.13227,113620.0
1723262400,0.13248,0.13379,0.13109,0.13348,88307.0
1723276800,0.13327,0.13541,0.13228,0.13531,105184.0
1723291200,0.13515,0.13541,0.1324,0.13381,100662.0
1723305600,0.13356,0.13544,0.13296,0.13451,92437.0
1723320000,0.13456,0.1362,0.13399,0.135,79101.0
1723334400,0.13473,0.13751,0.13447,0.13601,64076.0
1723348800,0.13597,0.13625,0.135,0.13606,72051.0
1723363200,0.13603,0.13801,0.13269,0.13356,103600.0
1723377600,0.13352,0.13399,0.12748,0.12788,151372.0
1723392000,0.128,0.12871,0.12369,0.1239,122800.0
1723406400,0.12369,0.12379,0.12049,0.12097,305319.0
1723420800,0.12108,0.12393,0.12108,0.12289,100327.0
1723435200,0.12288,0.12561,0.12066,0.12528,188684.0
1723449600,0.12546,0.1373,0.12546,0.1373,452357.0
1723464000,0.13719,0.14567,0.13453,0.14193,515760.0
1723478400,0.14173,0.15086,0.14122,0.14301,461367.0
1723492800,0.1431,0.14762,0.14269,0.14626,254593.0
1723507200,0.14627,0.14627,0.13832,0.13899,109877.0
1723521600,0.13882,0.14267,0.13791,0.14078,2636840.0
1723536000,0.14082,0.14153,0.13735,0.13813,1555223.0
1723550400,0.13813,0.14236,0.13791,0.14017,2004789.0
1723564800,0.1402,0.14506,0.13993,0.1418,501664.0
1723579200,0.14192,0.14287,0.14078,0.14174,434121.0
1723593600,0.14165,0.1422,0.13958,0.14077,320033.0
1723608000,0.14057,0.14068,0.13898,0.14017,56275.0
1723622400,0.13995,0.14399,0.13897,0.14198,218836.0
1723636800,0.14205,0.14367,0.13548,0.1404,229648.0
1723651200,0.14002,0.14142,0.13789,0.1388,74112.0
1723665600,0.13882,0.14019,0.13711,0.13938,64944.0
1723680000,0.13919,0.14225,0.13788,0.13959,129420.0
1723694400,0.13995,0.14433,0.1347,0.13707,357533.0
1723708800,0.13685,0.14397,0.13656,0.13962,143644.0
1723723200,0.1399,0.14916,0.1399,0.14721,539258.0
1723737600,0.14682,0.14692,0.13445,0.13705,174171.0
1723752000,0.13734,0.13757,0.13323,0.13456,208367.0
1723766400,0.13452,0.13637,0.13258,0.13398,102898.0
1723780800,0.1338,0.13767,0.13319,0.13457,87883.0
1723795200,0.13469,0.13529,0.13127,0.13163,108759.0
1723809600,0.13195,0.13331,0.12703,0.12903,330764.0
1723824000,0.12874,0.13505,0.12836,0.13496,172907.0
1723838400,0.13572,0.13909,0.13463,0.13504,128958.0
1723852800,0.13465,0.13506,0.13224,0.13264,149266.0
1723867200,0.13267,0.1336,0.13154,0.13312,92637.0
1723881600,0.13299,0.13591,0.13198,0.13283,110874.0
1723896000,0.13277,0.13819,0.13223,0.13683,85928.0
1723910400,0.13704,0.13814,0.13484,0.1362,80748.0
1723924800,0.13637,0.14434,0.13637,0.14329,155541.0
1723939200,0.14285,0.14382,0.13913,0.13923,140396.0
1723953600,0.13905,0.14199,0.13813,0.14019,447931.0
1723968000,0.1404,0.16132,0.1393,0.15978,904579.0
1723982400,0.15997,0.15999,0.14902,0.14961,592926.0
1723996800,0.14974,0.15074,0.14528,0.14847,157789.0
1724011200,0.14821,0.1498,0.14475,0.14475,86968.0
1724025600,0.14495,0.14673,0.14293,0.1456,367591.0
1724040000,0.14553,0.1519,0.14399,0.14628,954537.0
1724054400,0.14635,0.14854,0.1397,0.14243,600584.0
1724068800,0.14251,0.14391,0.14004,0.14138,229430.0
1724083200,0.14136,0.14484,0.13954,0.14317,205571.0
1724097600,0.14277,0.14457,0.14255,0.14428,124038.0
1724112000,0.14399,0.14704,0.14288,0.14359,316742.0
1724126400,0.14353,0.15053,0.14351,0.14814,289865.0
1724140800,0.14823,0.15165,0.14628,0.14821,641592.0
1724155200,0.14805,0.15043,0.14405,0.14592,297353.0
1724169600,0.14606,0.15107,0.1457,0.15086,106379.0
1724184000,0.1505,0.15451,0.15047,0.15086,160345.0
1724198400,0.15077,0.15193,0.14793,0.14993,84056.0
1724212800,0.14979,0.15204,0.14946,0.15012,99114.0
1724227200,0.15031,0.15062,0.14367,0.14418,224048.0
1724241600,0.14425,0.14631,0.14111,0.14374,169064.0
1724256000,0.14367,0.14833,0.14291,0.14802,515511.0
1724270400,0.14845,0.15052,0.14821,0.14923,92809.0
1724284800,0.14932,0.14938,0.14475,0.1466,52829.0
1724299200,0.14685,0.14774,0.14583,0.14719,55907.0
1724313600,0.14737,0.14867,0.14637,0.14803,163969.0
1724328000,0.14806,0.14806,0.14414,0.14481,81562.0
1724342400,0.14499,0.14626,0.14466,0.14516,63537.0
1724356800,0.14526,0.14669,0.1452,0.14636,97442.0
1724371200,0.14627,0.14897,0.14627,0.14834,70359.0
1724385600,0.14821,0.15272,0.14793,0.15234,92855.0
1724400000,0.15232,0.15285,0.14843,0.14843,96979.0
1724414400,0.14863,0.15434,0.14863,0.15344,184451.0
1724428800,0.15327,0.16263,0.15324,0.16116,273181.0
1724443200,0.16126,0.16731,0.16123,0.16418,392911.0
1724457600,0.16445,0.16528,0.16117,0.16179,108638.0
1724472000,0.16196,0.16441,0.16135,0.164,150349.0
1724486400,0.16379,0.17466,0.16348,0.1713,427297.0
1724500800,0.17148,0.17351,0.17019,0.17116,119829.0
1724515200,0.17129,0.17629,0.17129,0.17495,351458.0
1724529600,0.17453,0.17504,0.16675,0.17053,219710.0
1724544000,0.17035,0.17189,0.16389,0.16769,178629.0
1724558400,0.16755,0.16995,0.16065,0.16166,148739.0
1724572800,0.16178,0.16692,0.16071,0.1656,72724.0
1724587200,0.16591,0.16922,0.16471,0.16642,98653.0
1724601600,0.16629,0.16784,0.1647,0.165,89921.0
1724616000,0.16534,0.16942,0.16483,0.16535,119620.0
1724630400,0.16539,0.167,0.16194,0.16466,156882.0
1724644800,0.16444,0.16554,0.16106,0.16217,129624.0
1724659200,0.16228,0.1673,0.16168,0.16478,111657.0
1724673600,0.16476,0.16486,0.15738,0.15809,254047.0
1724688000,0.1579,0.1585,0.1507,0.15126,151327.0
1724702400,0.15128,0.15337,0.14957,0.15089,67622.0
1724716800,0.15079,0.15451,0.15079,0.15441,85891.0
1724731200,0.15466,0.15873,0.15391,0.15474,234567.0
1724745600,0.15462,0.15538,0.1498,0.15093,127473.0
1724760000,0.15081,0.15293,0.14918,0.151,319024.0
1724774400,0.15081,0.15324,0.1501,0.1509,141454.0
1724788800,0.15061,0.15081,0.13769,0.14108,247383.0
1724803200,0.14089,0.14126,0.13638,0.14116,317450.0
1724817600,0.14097,0.14097,0.13673,0.13673,53200.0
1724832000,0.13686,0.14406,0.13601,0.14177,103565.0
1724846400,0.14167,0.14256,0.13439,0.1358,207115.0
1724860800,0.13564,0.13922,0.13014,0.136,419253.0
1724875200,0.13594,0.13764,0.1332,0.13522,130120.0
1724889600,0.13523,0.13793,0.13523,0.13711,78348.0
1724904000,0.13716,0.13962,0.13625,0.13863,54285.0
1724918400,0.13858,0.14085,0.13711,0.13933,191834.0
1724932800,0.13943,0.14367,0.13926,0.14236,87613.0
1724947200,0.14214,0.14236,0.13334,0.13472,124481.0
1724961600,0.13495,0.13624,0.13383,0.13577,101885.0
1724976000,0.13557,0.13698,0.13499,0.13537,75365.0
1724990400,0.13537,0.13863,0.13514,0.13752,150943.0
1725004800,0.13755,0.13882,0.13591,0.13622,182272.0
1725019200,0.13611,0.13813,0.12803,0.12803,156471.0
1725033600,0.12807,0.13653,0.12766,0.13391,169083.0
1725048000,0.13395,0.13653,0.13375,0.13631,59098.0
1725062400,0.13615,0.13726,0.13543,0.13552,118704.0
1725076800,0.13553,0.13625,0.13455,0.13505,53236.0
1725091200,0.13506,0.13536,0.13255,0.1343,63887.0
1725105600,0.13426,0.13511,0.13193,0.13285,75637.0
1725120000,0.13276,0.13276,0.12982,0.13073,98071.0
1725134400,0.13085,0.13233,0.13025,0.13184,53323.0
1725148800,0.13156,0.13156,0.12854,0.13034,75110.0
1725163200,0.13034,0.13127,0.12854,0.13087,82999.0
1725177600,0.13121,0.13124,0.12849,0.12942,119005.0
1725192000,0.12963,0.13029,0.12613,0.12979,135054.0
1725206400,0.12973,0.13082,0.12634,0.1299,66192.0
1725220800,0.12993,0.13073,0.12348,0.12434,82510.0
1725235200,0.12396,0.12672,0.12385,0.1264,106807.0
1725249600,0.12663,0.12663,0.12381,0.1239,107810.0
1725264000,0.12427,0.1296,0.12419,0.1287,172700.0
1725278400,0.12881,0.13094,0.12701,0.12964,197328.0
1725292800,0.12968,0.13093,0.12882,0.13035,69782.0
1725307200,0.13021,0.13406,0.13007,0.13265,124427.0
1725321600,0.13253,0.13505,0.13206,0.13248,71869.0
1725336000,0.13248,0.13266,0.13105,0.1321,78407.0
1725350400,0.13236,0.13236,0.13004,0.13086,66671.0
1725364800,0.13081,0.13183,0.12492,0.12503,107649.0
1725379200,0.12509,0.1274,0.12509,0.12679,61843.0
1725393600,0.12693,0.12735,0.12421,0.12424,68711.0
1725408000,0.12441,0.12605,0.11732,0.12363,217161.0
1725422400,0.12351,0.12445,0.12192,0.12353,61423.0
1725436800,0.12388,0.12415,0.12103,0.12172,77618.0
1725451200,0.12176,0.12876,0.12153,0.12876,317900.0
1725465600,0.12896,0.13166,0.12658,0.12808,120162.0
1725480000,0.12813,0.12884,0.12717,0.12737,59773.0
1725494400,0.12739,0.12844,0.12374,0.12414,214659.0
1725508800,0.1241,0.12812,0.1241,0.12765,115909.0
1725523200,0.12776,0.12818,0.12574,0.12606,125697.0
1725537600,0.12596,0.12778,0.12373,0.12462,159861.0
1725552000,0.12444,0.12639,0.12241,0.12292,250399.0
1725566400,0.12294,0.12413,0.12243,0.12332,111618.0
1725580800,0.12332,0.12522,0.12261,0.12442,193351.0
1725595200,0.12456,0.12487,0.12029,0.12179,152116.0
1725609600,0.12194,0.12351,0.1208,0.12288,194812.0
1725624000,0.12313,0.12658,0.11969,0.12197,800809.0
1725638400,0.12202,0.12212,0.11722,0.11808,246346.0
1725652800,0.11781,0.1187,0.11332,0.11785,373111.0
1725667200,0.11791,0.11971,0.1176,0.11784,138896.0
1725681600,0.11787,0.12141,0.11771,0.12098,109472.0
1725696000,0.12122,0.12202,0.12054,0.12081,106729.0
1725710400,0.12103,0.12291,0.12062,0.12208,206325.0
1725724800,0.12193,0.1224,0.11825,0.12129,176498.0
1725739200,0.12142,0.12142,0.11862,0.11999,115161.0
1725753600,0.1201,0.12234,0.11952,0.12234,301671.0
1725768000,0.1224,0.12441,0.1218,0.1243,109853.0
1725782400,0.12436,0.1267,0.12333,0.12482,78224.0
1725796800,0.12501,0.12587,0.12142,0.12142,119049.0
1725811200,0.1214,0.12381,0.12073,0.12292,58359.0
1725825600,0.12294,0.12714,0.12261,0.12522,84841.0
1725840000,0.12525,0.12639,0.12382,0.12483,80449.0
1725854400,0.12501,0.12674,0.12391,0.12663,131533.0
1725868800,0.12674,0.12813,0.12601,0.12631,181405.0
1725883200,0.12643,0.12754,0.12483,0.12683,130674.0
1725897600,0.12709,0.13104,0.12705,0.13104,235396.0
1725912000,0.13091,0.13217,0.12976,0.13055,88797.0
1725926400,0.13065,0.13065,0.12893,0.12936,93709.0
1725940800,0.12927,0.13165,0.12885,0.1314,62523.0
1725955200,0.13139,0.13216,0.13004,0.13174,71302.0
1725969600,0.13185,0.13227,0.12933,0.12983,239740.0
1725984000,0.12985,0.13313,0.12975,0.13273,89673.0
1725998400,0.13261,0.13294,0.13081,0.13121,62243.0
1726012800,0.13122,0.13122,0.12751,0.1277,140000.0
1726027200,0.1277,0.12773,0.12451,0.12668,71518.0
1726041600,0.12654,0.12666,0.1246,0.1257,62677.0
1726056000,0.12563,0.12792,0.12282,0.1259,309944.0
1726070400,0.12584,0.12862,0.12575,0.12716,69764.0
1726084800,0.12718,0.12784,0.12681,0.12725,56298.0
1726099200,0.12733,0.13035,0.12733,0.12932,418346.0
1726113600,0.12943,0.13092,0.12884,0.12955,145880.0
1726128000,0.12923,0.13054,0.12854,0.12916,54940.0
1726142400,0.12922,0.13102,0.12732,0.12775,127270.0
1726156800,0.12773,0.13539,0.12773,0.13434,785950.0
1726171200,0.13429,0.13672,0.13393,0.13614,363708.0
1726185600,0.13614,0.13689,0.13471,0.13501,169953.0
1726200000,0.13501,0.13541,0.13268,0.13541,546617.0
1726214400,0.13533,0.13883,0.13419,0.13531,1218964.0
1726228800,0.13553,0.13805,0.13194,0.13528,1780238.0
1726243200,0.13555,0.14047,0.13507,0.13897,247140.0
1726257600,0.13901,0.1413,0.13709,0.13779,289816.0
1726272000,0.13798,0.14393,0.13695,0.14254,389746.0
1726286400,0.14227,0.14238,0.13797,0.13808,73660.0
1726300800,0.1381,0.13889,0.13329,0.13426,317759.0
1726315200,0.13418,0.13696,0.13407,0.13606,60122.0
1726329600,0.13608,0.13668,0.13296,0.13438,138327.0
1726344000,0.13438,0.13558,0.13427,0.13558,106390.0
1726358400,0.13534,0.13761,0.13508,0.13619,1235456.0
1726372800,0.13609,0.13727,0.13497,0.13694,86823.0
1726387200,0.13697,0.13719,0.13348,0.1342,57815.0
1726401600,0.13405,0.13628,0.13378,0.13526,95688.0
1726416000,0.13521,0.13537,0.13152,0.13235,229243.0
1726430400,0.13244,0.13247,0.12709,0.1283,169240.0
1726444800,0.1281,0.12866,0.12431,0.1267,167726.0
1726459200,0.12645,0.12833,0.12603,0.12827,71926.0
1726473600,0.12784,0.12943,0.12523,0.12701,237981.0
1726488000,0.12695,0.12735,0.12351,0.12442,130600.0
1726502400,0.12435,0.12474,0.12211,0.12293,95288.0
1726516800,0.12268,0.12331,0.12103,0.12234,63015.0
1726531200,0.12225,0.12328,0.11824,0.12034,347711.0
1726545600,0.12033,0.12344,0.12015,0.12255,72646.0
1726560000,0.12252,0.12378,0.12114,0.12236,204772.0
1726574400,0.12223,0.12703,0.12132,0.1269,294428.0
1726588800,0.12703,0.12853,0.12428,0.12545,458017.0
1726603200,0.12534,0.12703,0.12508,0.12613,439702.0
1726617600,0.12619,0.15163,0.12454,0.14611,654285.0
1726632000,0.14591,0.15176,0.13127,0.13422,978844.0
1726646400,0.13389,0.13525,0.12839,0.13188,221811.0
1726660800,0.13213,0.13323,0.12738,0.128,323056.0
1726675200,0.12807,0.13584,0.12725,0.13317,1707314.0
1726689600,0.13336,0.13909,0.13215,0.13882,157625.0
1726704000,0.13933,0.14789,0.13933,0.14577,601416.0
1726718400,0.14614,0.1482,0.14213,0.14336,176394.0
1726732800,0.14347,0.14547,0.14125,0.14485,138169.0
1726747200,0.14476,0.14553,0.14166,0.14297,95720.0
1726761600,0.14297,0.14616,0.14287,0.14387,89688.0
1726776000,0.14399,0.1441,0.14105,0.14276,71275.0
1726790400,0.14337,0.14587,0.1383,0.14587,203891.0
1726804800,0.14559,0.14958,0.1451,0.14755,288373.0
1726819200,0.14769,0.14856,0.14388,0.14427,72866.0
1726833600,0.14425,0.14684,0.14165,0.1446,2193204.0
1726848000,0.14513,0.14523,0.14099,0.143,251968.0
1726862400,0.14305,0.14466,0.14233,0.14351,83191.0
1726876800,0.14327,0.14506,0.14209,0.14402,61475.0
1726891200,0.14438,0.14794,0.14203,0.14537,330245.0
1726905600,0.14527,0.14617,0.14395,0.14566,66085.0
1726920000,0.14527,0.14958,0.14434,0.14784,125636.0
1726934400,0.14792,0.15075,0.14686,0.14719,173962.0
1726948800,0.14735,0.14932,0.14597,0.1486,79896.0
1726963200,0.14839,0.14916,0.14306,0.14548,214566.0
1726977600,0.14566,0.146,0.14266,0.14366,61767.0
1726992000,0.14365,0.14567,0.14039,0.14161,251659.0
1727006400,0.14155,0.14236,0.13825,0.13876,143291.0
1727020800,0.13866,0.14067,0.13728,0.13982,63390.0
1727035200,0.13979,0.14148,0.13434,0.13904,325126.0
1727049600,0.1395,0.1489,0.13609,0.14721,423553.0
1727064000,0.1476,0.15042,0.14469,0.14658,279117.0
1727078400,0.14697,0.14776,0.14498,0.14498,79772.0
1727092800,0.1452,0.14908,0.14378,0.14791,112464.0
1727107200,0.14792,0.14909,0.146,0.14658,76689.0
1727121600,0.1466,0.15218,0.14557,0.15043,546302.0
1727136000,0.15046,0.15173,0.14554,0.14757,203926.0
1727150400,0.14787,0.15087,0.14563,0.14943,113359.0
1727164800,0.14956,0.15188,0.14925,0.15163,78172.0
1727179200,0.1521,0.15456,0.14866,0.14946,225284.0
1727193600,0.14985,0.15452,0.14956,0.15413,574497.0
1727208000,0.1544,0.15778,0.15305,0.15588,606973.0
1727222400,0.15589,0.16265,0.15486,0.15962,309857.0
1727236800,0.15974,0.16007,0.15249,0.1532,782874.0
1727251200,0.1532,0.15599,0.1532,0.15535,80373.0
1727265600,0.15556,0.15628,0.1522,0.15291,144663.0
1727280000,0.15288,0.15463,0.15069,0.15183,139336.0
1727294400,0.15181,0.15322,0.14781,0.14914,64956.0
1727308800,0.14932,0.15181,0.14687,0.15078,106331.0
1727323200,0.1508,0.15764,0.15051,0.15696,111496.0
1727337600,0.15702,0.15874,0.15484,0.15811,123332.0
1727352000,0.15818,0.16124,0.156,0.15985,74728.0
1727366400,0.15978,0.16404,0.15932,0.15941,327146.0
1727380800,0.15938,0.16131,0.15676,0.16086,159643.0
1727395200,0.16099,0.16227,0.15845,0.16227,123745.0
1727409600,0.16209,0.16767,0.16209,0.16525,270127.0
1727424000,0.16515,0.17347,0.16442,0.16564,240340.0
1727438400,0.16533,0.16997,0.16533,0.1682,167531.0
1727452800,0.1684,0.17111,0.16652,0.16721,726840.0
1727467200,0.16749,0.1706,0.16632,0.16809,234666.0
1727481600,0.16848,0.17421,0.16836,0.1721,150219.0
1727496000,0.17234,0.17362,0.16598,0.16749,147993.0
1727510400,0.16755,0.16969,0.16291,0.16775,117191.0
1727524800,0.16778,0.16791,0.163,0.16469,65779.0
1727539200,0.16475,0.16777,0.16414,0.16484,44297.0
1727553600,0.16481,0.16514,0.16048,0.16377,75019.0
1727568000,0.16357,0.16579,0.16186,0.16498,96773.0
1727582400,0.16472,0.16484,0.15723,0.15777,78274.0
1727596800,0.15762,0.15968,0.15717,0.15967,66675.0
1727611200,0.15983,0.16268,0.15539,0.16245,82949.0
1727625600,0.16281,0.16885,0.16235,0.16885,764936.0
1727640000,0.16902,0.17059,0.16393,0.16571,105632.0
1727654400,0.16598,0.16654,0.15778,0.16143,226987.0
1727668800,0.16151,0.16697,0.15916,0.16499,110840.0
1727683200,0.16476,0.16496,0.15707,0.16339,212867.0
1727697600,0.16315,0.16453,0.15747,0.15754,408640.0
1727712000,0.15754,0.15978,0.15518,0.15898,797263.0
1727726400,0.15914,0.16223,0.15207,0.15407,196531.0
1727740800,0.15377,0.16188,0.15335,0.16174,94030.0
1727755200,0.16186,0.16413,0.16024,0.16092,107937.0
1727769600,0.16106,0.16253,0.15612,0.15632,144250.0
1727784000,0.15642,0.15755,0.13878,0.14412,558839.0
1727798400,0.14343,0.14493,0.1301,0.13505,578058.0
1727812800,0.13506,0.13727,0.13215,0.13549,274406.0
1727827200,0.13568,0.13983,0.135,0.13845,158585.0
1727841600,0.13869,0.14284,0.13678,0.1416,98106.0
1727856000,0.14162,0.14178,0.13478,0.1361,115174.0
1727870400,0.13608,0.13667,0.13269,0.13517,102100.0
1727884800,0.13499,0.13728,0.12498,0.12707,179408.0
1727899200,0.12701,0.12922,0.12577,0.12686,125830.0
1727913600,0.12708,0.1301,0.12619,0.13002,89425.0
1727928000,0.13007,0.13007,0.12556,0.12585,122980.0
1727942400,0.12584,0.12634,0.12125,0.12516,231519.0
1727956800,0.12503,0.12563,0.11952,0.12234,177613.0
1727971200,0.12248,0.12375,0.11935,0.12339,128779.0
1727985600,0.12349,0.12371,0.12059,0.12255,65059.0
1728000000,0.12266,0.12508,0.12163,0.1237,62878.0
1728014400,0.12385,0.12636,0.12363,0.12583,114761.0
1728028800,0.12606,0.12829,0.12587,0.12705,63154.0
1728043200,0.12685,0.1311,0.12594,0.1311,151224.0
1728057600,0.13113,0.13271,0.13037,0.13237,66347.0
1728072000,0.13207,0.13276,0.13064,0.13086,53911.0
1728086400,0.13137,0.13304,0.12868,0.12887,63680.0
1728100800,0.12894,0.13283,0.12877,0.13184,60245.0
1728115200,0.13207,0.13353,0.13076,0.13114,63229.0
1728129600,0.13132,0.13267,0.12944,0.13015,54911.0
1728144000,0.13007,0.13017,0.12554,0.12554,66275.0
1728158400,0.12544,0.12908,0.12466,0.12905,66332.0
1728172800,0.12877,0.13029,0.12784,0.12797,61423.0
1728187200,0.12807,0.12849,0.12655,0.12817,67632.0
1728201600,0.12817,0.12971,0.12764,0.12957,57961.0
1728216000,0.12957,0.13294,0.12927,0.13186,65796.0
1728230400,0.13199,0.1326,0.13014,0.13014,54605.0
1728244800,0.13027,0.13289,0.12974,0.13258,79621.0
1728259200,0.13262,0.13696,0.13207,0.13479,93188.0
1728273600,0.13506,0.13595,0.13345,0.13507,55916.0
1728288000,0.13517,0.13625,0.12965,0.13215,74050.0
1728302400,0.13184,0.13647,0.13085,0.13446,65787.0
1728316800,0.13424,0.138,0.13318,0.13497,67045.0
1728331200,0.13503,0.13603,0.13044,0.13065,63824.0
1728345600,0.13077,0.13451,0.13057,0.13387,122587.0
1728360000,0.13387,0.13462,0.12877,0.13004,101034.0
1728374400,0.12978,0.13214,0.12927,0.13157,55340.0
1728388800,0.13144,0.13184,0.12644,0.12764,118227.0
1728403200,0.12757,0.12908,0.12594,0.12814,122562.0
1728417600,0.12801,0.12975,0.12644,0.12794,59724.0
1728432000,0.12803,0.13011,0.12544,0.12674,161585.0
1728446400,0.12644,0.12908,0.12614,0.12673,309533.0
1728460800,0.12686,0.12765,0.12584,0.12747,65797.0
1728475200,0.12743,0.12776,0.12262,0.12615,105972.0
1728489600,0.12582,0.12606,0.12153,0.12222,105146.0
1728504000,0.12233,0.12347,0.12002,0.12274,197579.0
1728518400,0.12275,0.1253,0.12185,0.12435,71793.0
1728532800,0.1242,0.12609,0.12393,0.12393,153912.0
1728547200,0.12405,0.12435,0.12088,0.12433,72454.0
1728561600,0.12428,0.12445,0.12082,0.12237,222436.0
1728576000,0.12261,0.12319,0.11812,0.12084,254362.0
1728590400,0.12063,0.12245,0.11955,0.12237,162128.0
1728604800,0.12245,0.12535,0.12154,0.12456,204312.0
1728619200,0.12457,0.12686,0.12397,0.12576,80336.0
1728633600,0.12567,0.12773,0.12567,0.12636,106459.0
1728648000,0.12654,0.13068,0.12615,0.12998,210436.0
1728662400,0.13019,0.13433,0.12955,0.1337,114245.0
1728676800,0.13399,0.13442,0.13153,0.13215,81831.0
1728691200,0.13231,0.13462,0.13014,0.13026,122448.0
1728705600,0.13021,0.13385,0.13021,0.13315,173308.0
1728720000,0.13334,0.13477,0.13245,0.13338,164693.0
1728734400,0.13365,0.13728,0.13275,0.13527,86175.0
1728748800,0.13555,0.13677,0.13215,0.13297,105239.0
1728763200,0.13289,0.13523,0.13286,0.13378,60030.0
1728777600,0.13406,0.13476,0.13107,0.1313,86020.0
1728792000,0.13126,0.13485,0.13125,0.13366,90461.0
1728806400,0.13358,0.13406,0.13058,0.13058,70270.0
1728820800,0.13054,0.13196,0.12615,0.12764,187170.0
1728835200,0.12736,0.13047,0.12736,0.12867,92316.0
1728849600,0.12883,0.13397,0.12835,0.13306,74257.0
1728864000,0.13327,0.13755,0.13084,0.13727,95129.0
1728878400,0.13763,0.14309,0.13655,0.14178,192378.0
1728892800,0.1417,0.14644,0.13937,0.14456,165229.0
1728907200,0.14474,0.1465,0.14245,0.14584,607687.0
1728921600,0.1457,0.15715,0.14412,0.15394,461010.0
1728936000,0.15394,0.15556,0.15266,0.15313,119759.0
1728950400,0.15348,0.15573,0.14929,0.14937,216089.0
1728964800,0.14947,0.1658,0.14877,0.15837,730274.0
1728979200,0.15836,0.16319,0.14753,0.14785,385825.0
1728993600,0.14839,0.15923,0.14839,0.15707,659067.0
1729008000,0.15736,0.16598,0.15689,0.16134,655938.0
1729022400,0.16104,0.16157,0.1567,0.16144,110190.0
1729036800,0.16155,0.16225,0.15281,0.15295,151213.0
1729051200,0.15274,0.15384,0.14753,0.14813,178029.0
1729065600,0.14798,0.15335,0.14798,0.15141,252652.0
1729080000,0.15188,0.15268,0.14856,0.14859,253752.0
1729094400,0.1487,0.1494,0.14508,0.14707,87676.0
1729108800,0.14701,0.14988,0.14681,0.14703,85309.0
1729123200,0.14685,0.15011,0.1458,0.14702,170998.0
1729137600,0.14684,0.1473,0.1417,0.1427,114868.0
1729152000,0.14272,0.14323,0.1382,0.13891,94750.0
1729166400,0.13864,0.14343,0.13864,0.14293,127364.0
1729180800,0.14264,0.14313,0.13743,0.14058,241645.0
1729195200,0.14105,0.14193,0.14062,0.14114,53104.0
1729209600,0.14105,0.14548,0.13963,0.14263,92220.0
1729224000,0.14273,0.14463,0.14183,0.14345,76383.0
1729238400,0.14323,0.14403,0.14112,0.14125,58135.0
1729252800,0.14134,0.14445,0.13892,0.14231,186087.0
1729267200,0.14228,0.14645,0.14041,0.14482,471886.0
1729281600,0.14461,0.14735,0.14332,0.14613,52928.0
1729296000,0.14641,0.15577,0.1463,0.15424,313684.0
1729310400,0.15434,0.15732,0.15094,0.15382,793492.0
1729324800,0.15389,0.15663,0.14815,0.14879,906539.0
1729339200,0.1489,0.15216,0.1481,0.14989,1059307.0
1729353600,0.14999,0.1501,0.14668,0.14937,105398.0
1729368000,0.14949,0.15225,0.14909,0.15197,73728.0
1729382400,0.15266,0.15471,0.14774,0.14966,120378.0
1729396800,0.14969,0.15815,0.14939,0.15378,110183.0
1729411200,0.1538,0.15796,0.15368,0.15592,90603.0
1729425600,0.15595,0.16291,0.15471,0.16258,280938.0
1729440000,0.16241,0.1634,0.15909,0.15992,109650.0
1729454400,0.1598,0.16168,0.15831,0.16077,111416.0
1729468800,0.16115,0.1667,0.16115,0.16419,160510.0
1729483200,0.16389,0.16389,0.15998,0.16007,113858.0
1729497600,0.16018,0.1612,0.15697,0.15939,238892.0
1729512000,0.15926,0.16016,0.15486,0.15605,236617.0
1729526400,0.15594,0.15594,0.15227,0.15497,278304.0
1729540800,0.1546,0.16122,0.15356,0.15425,165418.0
1729555200,0.15447,0.16765,0.15309,0.1661,547415.0
1729569600,0.1663,0.17008,0.16134,0.16134,290752.0
1729584000,0.16086,0.1637,0.15594,0.15964,267377.0
1729598400,0.15967,0.17332,0.15573,0.16796,1079131.0
1729612800,0.16719,0.20135,0.16557,0.18381,6795182.0
1729627200,0.18373,0.18978,0.17986,0.18263,526099.0
1729641600,0.18255,0.19349,0.17997,0.18956,1082312.0
1729656000,0.18916,0.19445,0.17274,0.17348,1934899.0
1729670400,0.17296,0.17518,0.1663,0.16681,520416.0
1729684800,0.16702,0.17316,0.16571,0.16906,1213982.0
1729699200,0.16906,0.17111,0.16393,0.17032,189235.0
1729713600,0.17064,0.17222,0.16906,0.17107,195523.0
1729728000,0.1714,0.17549,0.16906,0.17353,119796.0
1729742400,0.17321,0.17477,0.16854,0.16899,79670.0
1729756800,0.16897,0.17316,0.16357,0.17119,204299.0
1729771200,0.17111,0.17316,0.16931,0.1708,265052.0
1729785600,0.17064,0.17148,0.1684,0.17087,103971.0
1729800000,0.17135,0.1737,0.169,0.16985,125038.0
1729814400,0.17003,0.17316,0.16822,0.16861,58510.0
1729828800,0.16872,0.17111,0.16496,0.16735,171226.0
1729843200,0.16763,0.17931,0.16571,0.17713,665940.0
1729857600,0.17652,0.18009,0.17111,0.17111,261225.0
1729872000,0.17008,0.17172,0.16342,0.16744,458303.0
1729886400,0.16723,0.16895,0.14725,0.15418,1031281.0
1729900800,0.15274,0.15551,0.14958,0.15361,463550.0
1729915200,0.15383,0.16345,0.15365,0.16164,138341.0
1729929600,0.16165,0.16382,0.15922,0.16096,123046.0
1729944000,0.16087,0.16173,0.15132,0.15214,180828.0
1729958400,0.152,0.15544,0.15194,0.15435,96845.0
1729972800,0.15434,0.15676,0.15415,0.15461,99540.0
1729987200,0.15461,0.15468,0.15061,0.15322,84951.0
1730001600,0.15333,0.156,0.15173,0.15414,62750.0
1730016000,0.15399,0.15638,0.15102,0.15141,172662.0
1730030400,0.15155,0.15618,0.14921,0.15084,175435.0
1730044800,0.15094,0.15265,0.1483,0.15012,124784.0
1730059200,0.15038,0.15322,0.14976,0.15099,99772.0
1730073600,0.15143,0.15213,0.14254,0.14274,111146.0
1730088000,0.14255,0.14752,0.14099,0.14721,128510.0
1730102400,0.14713,0.14852,0.1459,0.14719,422080.0
1730116800,0.14714,0.14739,0.14122,0.1413,158889.0
1730131200,0.14143,0.14343,0.13799,0.14191,117080.0
1730145600,0.14234,0.14921,0.14226,0.14833,101849.0
1730160000,0.14814,0.15225,0.14734,0.14991,118936.0
1730174400,0.14992,0.15163,0.14903,0.15034,70059.0
1730188800,0.15074,0.15395,0.15073,0.15211,189167.0
1730203200,0.15185,0.15573,0.15103,0.15376,164144.0
1730217600,0.15523,0.1818,0.15468,0.17527,1667119.0
1730232000,0.17494,0.18378,0.17316,0.18341,1396516.0
1730246400,0.18376,0.18885,0.18033,0.18673,973958.0
1730260800,0.1868,0.18934,0.18277,0.18289,375837.0
1730275200,0.18363,0.18447,0.17708,0.18323,748013.0
1730289600,0.18282,0.19267,0.18149,0.18802,2031329.0
1730304000,0.18783,0.19161,0.18517,0.18662,240956.0
1730318400,0.18658,0.18839,0.18355,0.18647,200854.0
1730332800,0.18652,0.18779,0.18401,0.18467,104783.0
1730347200,0.18446,0.18546,0.18087,0.18127,132139.0
1730361600,0.18137,0.18138,0.17383,0.17461,117135.0
1730376000,0.1745,0.17661,0.17296,0.17458,386598.0
1730390400,0.17425,0.17465,0.16701,0.16701,424001.0
1730404800,0.16701,0.16944,0.16634,0.16646,107277.0
1730419200,0.16681,0.16681,0.16135,0.16506,168261.0
1730433600,0.16519,0.16906,0.16086,0.16217,300980.0
1730448000,0.16216,0.1665,0.16181,0.16562,196583.0
1730462400,0.16532,0.17316,0.16123,0.16324,587690.0
1730476800,0.1623,0.16528,0.15962,0.16031,461322.0
1730491200,0.16055,0.16184,0.15713,0.1602,191050.0
1730505600,0.16027,0.16322,0.1591,0.1591,56558.0
1730520000,0.15913,0.16092,0.15821,0.16081,153551.0
1730534400,0.16107,0.16123,0.15833,0.15913,55669.0
1730548800,0.15927,0.15962,0.15156,0.1531,210771.0
1730563200,0.15292,0.15417,0.15028,0.15315,66467.0
1730577600,0.15331,0.15398,0.15163,0.15265,52045.0
1730592000,0.15274,0.15359,0.14445,0.14755,282238.0
1730606400,0.1477,0.15088,0.14753,0.14765,68452.0
1730620800,0.14764,0.14898,0.14185,0.14205,100907.0
1730635200,0.14215,0.14276,0.13417,0.13833,244505.0
1730649600,0.13788,0.13897,0.13436,0.13816,119642.0
1730664000,0.13863,0.14144,0.13812,0.14096,137279.0
1730678400,0.1409,0.14521,0.13755,0.14313,126314.0
1730692800,0.14326,0.14434,0.13936,0.14005,160995.0
1730707200,0.14061,0.14699,0.13913,0.14494,188985.0
1730721600,0.14544,0.14749,0.14166,0.14367,131703.0
1730736000,0.14299,0.14299,0.1383,0.13946,64953.0
1730750400,0.13911,0.13935,0.13286,0.13728,87672.0
1730764800,0.13733,0.14007,0.13679,0.13816,180772.0
1730779200,0.1385,0.14078,0.13802,0.13977,68972.0
1730793600,0.13972,0.14249,0.13906,0.14028,101054.0
1730808000,0.14015,0.14753,0.13909,0.14667,144634.0
1730822400,0.14681,0.14978,0.1424,0.14316,198436.0
1730836800,0.14231,0.14617,0.14231,0.14469,100484.0
1730851200,0.14517,0.15822,0.14517,0.15754,393902.0
1730865600,0.15778,0.16457,0.15488,0.15945,245792.0
1730880000,0.15881,0.16145,0.15427,0.16118,195319.0
1730894400,0.16133,0.16291,0.15836,0.16155,93496.0
1730908800,0.16106,0.16429,0.16088,0.16296,185472.0
1730923200,0.1633,0.16927,0.16254,0.16675,78990.0
1730937600,0.16662,0.17487,0.16662,0.17144,400087.0
1730952000,0.17173,0.17182,0.16291,0.16527,197557.0
1730966400,0.16528,0.16736,0.16291,0.16317,163062.0
1730980800,0.16306,0.16701,0.16188,0.16641,114202.0
1730995200,0.16649,0.16853,0.16496,0.16632,101603.0
1731009600,0.16652,0.17053,0.16515,0.16699,88913.0
1731024000,0.16752,0.17064,0.16086,0.16296,290230.0
1731038400,0.16294,0.16437,0.16087,0.16274,55934.0
1731052800,0.16274,0.16704,0.16107,0.16583,73205.0
1731067200,0.16595,0.16836,0.16237,0.16444,64743.0
1731081600,0.16461,0.16624,0.15817,0.16542,120237.0
1731096000,0.16504,0.16551,0.16145,0.16415,77651.0
1731110400,0.16398,0.16636,0.16038,0.16075,64022.0
1731124800,0.16076,0.17379,0.16076,0.17274,222437.0
1731139200,0.17324,0.18341,0.17224,0.18341,172422.0
1731153600,0.18291,0.18853,0.17773,0.18357,227657.0
1731168000,0.18343,0.18843,0.18033,0.1825,768683.0
1731182400,0.18212,0.18851,0.18192,0.18782,871075.0
1731196800,0.18787,0.19438,0.18457,0.19109,434895.0
1731211200,0.19063,0.19848,0.18896,0.19343,587058.0
1731225600,0.19357,0.20032,0.19308,0.1985,101669.0
1731240000,0.19812,0.20195,0.19329,0.20036,569912.0
1731254400,0.20038,0.20953,0.19639,0.19938,841649.0
1731268800,0.20011,0.20271,0.18801,0.202,671374.0
1731283200,0.2014,0.21217,0.19981,0.20882,245975.0
1731297600,0.20847,0.20914,0.19336,0.1966,476801.0
1731312000,0.19656,0.20699,0.1964,0.20594,158343.0
1731326400,0.20593,0.20789,0.1982,0.20078,213149.0
1731340800,0.20067,0.2102,0.19892,0.20587,331799.0
1731355200,0.20581,0.21636,0.20385,0.21455,576911.0
1731369600,0.21438,0.21438,0.20494,0.21288,323385.0
1731384000,0.21244,0.21397,0.20391,0.20869,243739.0
1731398400,0.20856,0.214,0.18155,0.19142,798715.0
1731412800,0.19129,0.19347,0.18486,0.18751,862327.0
1731427200,0.18726,0.19503,0.18238,0.19281,592299.0
1731441600,0.19288,0.19776,0.18956,0.19386,332228.0
1731456000,0.19392,0.19767,0.1807,0.18099,808228.0
1731470400,0.18095,0.1854,0.17316,0.18084,486274.0
1731484800,0.18028,0.18515,0.17733,0.18351,192903.0
1731499200,0.18342,0.19378,0.18065,0.1922,633726.0
1731513600,0.19263,0.19721,0.18167,0.18226,2029497.0
1731528000,0.18223,0.18725,0.1767,0.18674,296100.0
1731542400,0.18652,0.19321,0.18033,0.19056,431350.0
1731556800,0.19,0.20195,0.18929,0.19999,1621537.0
1731571200,0.20035,0.20436,0.1896,0.19406,537921.0
1731585600,0.19384,0.19674,0.17851,0.18468,2051803.0
1731600000,0.18467,0.20474,0.18295,0.1967,2676957.0
1731614400,0.19607,0.19814,0.18546,0.1882,422029.0
1731628800,0.18848,0.19226,0.18275,0.19036,147157.0
1731643200,0.18976,0.18976,0.18199,0.18437,155322.0
1731657600,0.18424,0.19233,0.18149,0.19126,176073.0
1731672000,0.19117,0.19378,0.18114,0.18309,186067.0
1731686400,0.18267,0.18751,0.18137,0.18624,123243.0
1731700800,0.1863,0.1962,0.1863,0.19375,158563.0
1731715200,0.19321,0.20264,0.19262,0.20264,417498.0
1731729600,0.2023,0.2055,0.19539,0.19845,641535.0
1731744000,0.19846,0.214,0.19735,0.2136,1013844.0
1731758400,0.21416,0.22468,0.20795,0.21215,2697260.0
1731772800,0.21198,0.21549,0.20904,0.21134,309633.0
1731787200,0.21151,0.22112,0.21024,0.21657,822421.0
1731801600,0.21606,0.21606,0.19708,0.2045,410954.0
1731816000,0.20472,0.21328,0.20382,0.20974,683839.0
1731830400,0.20967,0.21224,0.20307,0.20307,203230.0
1731844800,0.20349,0.20753,0.2013,0.20256,127153.0
1731859200,0.20237,0.20554,0.19792,0.19977,174193.0
1731873600,0.2001,0.20127,0.19436,0.19871,147121.0
1731888000,0.19827,0.20638,0.19571,0.20434,183757.0
1731902400,0.20441,0.20775,0.20131,0.20636,182186.0
1731916800,0.20644,0.20644,0.19879,0.19952,67849.0
1731931200,0.19968,0.20767,0.19674,0.20646,277735.0
1731945600,0.20652,0.21078,0.20034,0.20318,743082.0
1731960000,0.20298,0.21093,0.20194,0.20935,604135.0
1731974400,0.20882,0.20914,0.20271,0.20328,196151.0
1731988800,0.20314,0.20322,0.19933,0.19984,180666.0
1732003200,0.19975,0.19975,0.19508,0.19825,75685.0
1732017600,0.19814,0.20218,0.19393,0.19601,196183.0
1732032000,0.196,0.19915,0.19501,0.19673,88888.0
1732046400,0.19653,0.19715,0.18848,0.19584,771151.0
1732060800,0.19586,0.19609,0.18526,0.18872,770906.0
1732075200,0.18882,0.19189,0.18651,0.19036,548723.0
1732089600,0.19023,0.19215,0.18599,0.18773,49938.0
1732104000,0.18805,0.19433,0.18567,0.18976,160401.0
1732118400,0.19067,0.19106,0.17617,0.17822,95843.0
1732132800,0.17758,0.18307,0.17711,0.17926,52110.0
1732147200,0.17887,0.18137,0.17082,0.17454,71807.0
1732161600,0.17439,0.18267,0.17406,0.17965,91598.0
1732176000,0.17976,0.18047,0.17493,0.17875,40464.0
1732190400,0.17871,0.19697,0.17871,0.18998,568697.0
1732204800,0.19064,0.19891,0.19029,0.19508,1676452.0
1732219200,0.1952,0.1967,0.19428,0.19532,75779.0
1732233600,0.19506,0.19586,0.19115,0.19432,131993.0
1732248000,0.19444,0.19781,0.19043,0.19074,192679.0
1732262400,0.19112,0.19499,0.1899,0.19255,145530.0
1732276800,0.19282,0.19606,0.18478,0.19138,101725.0
1732291200,0.19151,0.19161,0.1856,0.18737,81197.0
1732305600,0.18745,0.19983,0.18689,0.19969,81875.0
1732320000,0.20015,0.20717,0.19738,0.20338,590908.0
1732334400,0.20331,0.20678,0.20136,0.2058,85798.0
1732348800,0.20596,0.2104,0.20509,0.2086,155343.0
1732363200,0.20841,0.2196,0.20772,0.21848,92241.0
1732377600,0.2193,0.22009,0.19929,0.21329,1232675.0
1732392000,0.21345,0.2194,0.20686,0.2141,1903055.0
1732406400,0.2143,0.24287,0.21383,0.24062,3858638.0
1732420800,0.24018,0.24545,0.23193,0.24345,1618364.0
1732435200,0.24326,0.25331,0.22835,0.23171,1343676.0
1732449600,0.23199,0.23952,0.21895,0.22578,958404.0
1732464000,0.22613,0.24324,0.22453,0.23929,1250819.0
1732478400,0.23833,0.25824,0.23833,0.25354,282194.0
1732492800,0.25215,0.25215,0.23603,0.24149,1872086.0
1732507200,0.24148,0.24346,0.23441,0.23774,540087.0
1732521600,0.23776,0.24824,0.23697,0.24055,390209.0
1732536000,0.23964,0.24135,0.22407,0.23992,537528.0
1732550400,0.24018,0.24057,0.22763,0.23232,811601.0
1732564800,0.23171,0.23569,0.22013,0.23086,800853.0
1732579200,0.23077,0.23505,0.2292,0.23267,439441.0
1732593600,0.23275,0.23813,0.22749,0.22931,208719.0
1732608000,0.22921,0.22976,0.20831,0.21548,1289855.0
1732622400,0.21501,0.21907,0.20759,0.20903,346417.0
1732636800,0.20893,0.21568,0.20528,0.20981,659037.0
1732651200,0.20995,0.21838,0.20959,0.21689,965927.0
1732665600,0.21543,0.22155,0.21211,0.21947,305792.0
1732680000,0.21876,0.22652,0.21876,0.22522,165164.0
1732694400,0.2252,0.22888,0.22163,0.22586,86773.0
1732708800,0.22537,0.23091,0.21977,0.22929,75643.0
1732723200,0.2306,0.24389,0.229,0.23741,707718.0
1732737600,0.23727,0.24131,0.2371,0.23975,277862.0
1732752000,0.23972,0.24287,0.23293,0.2353,63288.0
1732766400,0.23545,0.24197,0.23381,0.23456,68536.0
1732780800,0.23485,0.23945,0.2297,0.23396,78423.0
1732795200,0.23389,0.23431,0.22749,0.22827,753960.0
1732809600,0.22845,0.24249,0.22833,0.24112,239848.0
1732824000,0.24121,0.24502,0.23901,0.24033,342213.0
1732838400,0.24027,0.24052,0.2353,0.23788,286273.0
1732852800,0.23791,0.23828,0.23272,0.23272,314247.0
1732867200,0.23274,0.24298,0.23238,0.24252,219635.0
1732881600,0.24255,0.24433,0.23855,0.24073,234650.0
1732896000,0.23934,0.2434,0.2368,0.24008,71456.0
1732910400,0.24026,0.25137,0.23956,0.24715,184965.0
1732924800,0.24643,0.25018,0.24233,0.24989,129923.0
1732939200,0.24998,0.25653,0.24923,0.25354,203497.0
1732953600,0.25336,0.255,0.24409,0.24687,196179.0
1732968000,0.24685,0.25218,0.24416,0.24929,127833.0
1732982400,0.24929,0.25746,0.24628,0.25441,163440.0
1732996800,0.25424,0.26337,0.25298,0.25566,1683084.0
1733011200,0.25555,0.25732,0.24711,0.25118,295073.0
1733025600,0.25127,0.25821,0.24824,0.25732,261886.0
1733040000,0.25689,0.2598,0.25226,0.25715,379125.0
1733054400,0.25714,0.2659,0.25601,0.26385,100768.0
1733068800,0.26348,0.26632,0.25995,0.2618,376359.0
1733083200,0.26137,0.26213,0.25384,0.25897,487163.0
1733097600,0.25912,0.26302,0.24628,0.24794,252561.0
1733112000,0.24739,0.25178,0.24287,0.2457,783017.0
1733126400,0.24511,0.24618,0.23091,0.23499,235288.0
1733140800,0.23482,0.25006,0.23414,0.24804,385167.0
1733155200,0.24777,0.2498,0.23741,0.24745,152512.0
1733169600,0.24741,0.26765,0.24695,0.26541,885469.0
1733184000,0.26529,0.26903,0.25803,0.26191,479934.0
1733198400,0.26166,0.28473,0.26102,0.27273,2508749.0
1733212800,0.27239,0.27554,0.25675,0.26757,942618.0
1733227200,0.26751,0.26913,0.24488,0.26004,674776.0
1733241600,0.2603,0.27146,0.25957,0.26874,1393474.0
1733256000,0.26836,0.27825,0.26836,0.27463,525115.0
1733270400,0.27431,0.28387,0.27084,0.28062,1462277.0
1733284800,0.27997,0.28259,0.27362,0.28196,1710418.0
1733299200,0.2818,0.29122,0.28124,0.28896,263437.0
1733313600,0.28851,0.29546,0.28137,0.28908,698880.0
1733328000,0.28975,0.29488,0.27459,0.29238,2074077.0
1733342400,0.29163,0.29364,0.27339,0.27866,1529134.0
1733356800,0.2789,0.28045,0.2625,0.26898,486263.0
1733371200,0.26901,0.28035,0.26837,0.27817,156645.0
1733385600,0.27787,0.28216,0.2746,0.28204,142486.0
1733400000,0.28139,0.28476,0.27533,0.2795,154541.0
1733414400,0.27937,0.28693,0.27345,0.27428,196632.0
1733428800,0.27391,0.28331,0.26824,0.27544,244343.0
1733443200,0.27514,0.2906,0.27294,0.29004,113803.0
1733457600,0.28977,0.29445,0.28604,0.29326,113402.0
1733472000,0.29323,0.30553,0.28626,0.29059,250708.0
1733486400,0.2901,0.29489,0.27847,0.29203,487949.0
1733500800,0.29145,0.29622,0.2904,0.29457,205584.0
1733515200,0.29389,0.29638,0.28946,0.28985,94913.0
1733529600,0.28976,0.29398,0.28597,0.2931,78956.0
1733544000,0.29272,0.2944,0.28572,0.28771,118385.0
1733558400,0.28769,0.29241,0.28378,0.28937,153662.0
1733572800,0.2894,0.29325,0.28676,0.29283,50471.0
1733587200,0.29271,0.29516,0.28421,0.28848,231125.0
1733601600,0.28823,0.29204,0.28703,0.28825,295446.0
1733616000,0.2877,0.29412,0.2843,0.2843,242738.0
1733630400,0.28408,0.28533,0.27684,0.28124,181906.0
1733644800,0.28133,0.28133,0.27388,0.27887,142184.0
1733659200,0.27863,0.28295,0.2758,0.28196,227834.0
1733673600,0.28208,0.28309,0.27739,0.28131,159220.0
1733688000,0.28115,0.28886,0.2799,0.28674,114985.0
1733702400,0.28601,0.28609,0.27,0.2734,598416.0
1733716800,0.27309,0.27613,0.26497,0.26927,309125.0
1733731200,0.26885,0.26885,0.25369,0.25469,429349.0
1733745600,0.25414,0.26469,0.25141,0.25573,430265.0
1733760000,0.25458,0.25824,0.25261,0.25289,181476.0
1733774400,0.25293,0.25336,0.1905,0.22659,1727858.0
1733788800,0.22542,0.23371,0.2104,0.21993,1307913.0
1733803200,0.2189,0.23116,0.21479,0.22801,380286.0
1733817600,0.22805,0.23176,0.22502,0.2288,558218.0
1733832000,0.22898,0.23091,0.20392,0.20392,1560025.0
1733846400,0.20419,0.21309,0.19802,0.21284,644415.0
1733860800,0.21269,0.2254,0.21124,0.2202,396362.0
1733875200,0.22022,0.22299,0.21,0.22035,602446.0
1733889600,0.221,0.22358,0.21812,0.21864,365122.0
1733904000,0.21889,0.22702,0.21889,0.22545,216314.0
1733918400,0.22578,0.24116,0.22541,0.23898,259011.0
1733932800,0.24195,0.24383,0.23774,0.23916,401264.0
1733947200,0.23987,0.24361,0.23773,0.24121,165675.0
1733961600,0.24117,0.2557,0.23786,0.25297,827169.0
1733976000,0.25366,0.25799,0.25077,0.25118,147423.0
1733990400,0.25209,0.25347,0.24157,0.24366,180333.0
1734004800,0.24399,0.25227,0.24399,0.24751,298654.0
1734019200,0.24898,0.25003,0.23774,0.23825,327299.0
1734033600,0.23877,0.2432,0.23745,0.24092,306568.0
1734048000,0.24065,0.24505,0.23345,0.24201,427458.0
1734062400,0.24175,0.24175,0.23303,0.23541,438659.0
1734076800,0.23547,0.24116,0.23415,0.23828,249208.0
1734091200,0.23854,0.24332,0.23339,0.23424,626547.0
1734105600,0.23397,0.24058,0.2335,0.23622,586315.0
1734120000,0.23624,0.24037,0.23158,0.23756,259281.0
1734134400,0.2376,0.24174,0.2358,0.23681,195760.0
1734148800,0.23664,0.23758,0.23401,0.23476,97085.0
1734163200,0.2348,0.23739,0.23109,0.23246,138442.0
1734177600,0.23238,0.23319,0.22351,0.22548,592239.0
1734192000,0.22525,0.2258,0.21799,0.2215,181280.0
1734206400,0.22147,0.22486,0.2179,0.22407,259020.0
1734220800,0.22406,0.22642,0.2208,0.22137,344922.0
1734235200,0.22157,0.22509,0.21493,0.21647,547071.0
1734249600,0.2164,0.22291,0.2164,0.22166,186065.0
1734264000,0.22155,0.23151,0.21994,0.22852,253117.0
1734278400,0.22833,0.23061,0.22498,0.22798,104152.0
1734292800,0.22801,0.23148,0.219,0.23013,315049.0
1734307200,0.23059,0.23845,0.22705,0.22817,420486.0
1734321600,0.22814,0.2303,0.2243,0.22698,288861.0
1734336000,0.22713,0.22749,0.21526,0.21526,684415.0
1734350400,0.21566,0.22218,0.21517,0.22078,494861.0
1734364800,0.22077,0.23264,0.22044,0.22792,476657.0
1734379200,0.22874,0.2327,0.22486,0.22564,289411.0
1734393600,0.22575,0.2261,0.21956,0.22147,553776.0
1734408000,0.2214,0.2214,0.21618,0.21695,226311.0
1734422400,0.21732,0.22384,0.21571,0.22224,200558.0
1734436800,0.22305,0.2268,0.2093,0.21071,797546.0
1734451200,0.2102,0.21732,0.20858,0.21454,272621.0
1734465600,0.2153,0.21573,0.20618,0.20902,358243.0
1734480000,0.21008,0.21046,0.20519,0.20549,429916.0
1734494400,0.20486,0.2069,0.20172,0.20384,495809.0
1734508800,0.20379,0.2077,0.20212,0.20603,101160.0
1734523200,0.20589,0.20597,0.19893,0.20214,381389.0
1734537600,0.20209,0.20813,0.19895,0.19895,612148.0
1734552000,0.19844,0.20029,0.18159,0.18844,707837.0
1734566400,0.18833,0.1893,0.175,0.18898,1689032.0
1734580800,0.18853,0.18942,0.18507,0.18572,184419.0
1734595200,0.18579,0.18949,0.18355,0.18786,175010.0
1734609600,0.18725,0.18787,0.17689,0.17867,649174.0
1734624000,0.17857,0.18018,0.16294,0.1661,1895676.0
1734638400,0.16618,0.1718,0.16062,0.16633,1333461.0
1734652800,0.16651,0.17502,0.16382,0.17191,1110458.0
1734667200,0.17246,0.17293,0.16273,0.16721,829329.0
1734681600,0.16709,0.16739,0.14316,0.14427,2909497.0
1734696000,0.14389,0.16571,0.14387,0.16501,1635966.0
1734710400,0.16455,0.1719,0.16362,0.17026,585950.0
1734724800,0.17033,0.17337,0.16544,0.1706,259901.0
1734739200,0.17029,0.17457,0.17029,0.17143,210177.0
1734753600,0.17169,0.18478,0.17169,0.18185,542618.0
1734768000,0.18195,0.18256,0.17299,0.17459,566756.0
1734782400,0.17467,0.17467,0.16257,0.16426,1063347.0
1734796800,0.16446,0.16446,0.15611,0.15817,742391.0
1734811200,0.15868,0.16096,0.15511,0.15788,556694.0
1734825600,0.15812,0.16106,0.15556,0.15853,405824.0
1734840000,0.15868,0.15922,0.15339,0.15746,379387.0
1734854400,0.15773,0.16209,0.15773,0.15972,438650.0
1734868800,0.15982,0.16226,0.15497,0.15731,226249.0
1734883200,0.15719,0.16007,0.15283,0.15283,177232.0
1734897600,0.15288,0.15915,0.15085,0.15598,329988.0
1734912000,0.15609,0.16353,0.15153,0.16288,660100.0
1734926400,0.16293,0.16427,0.15596,0.1589,1385479.0
1734940800,0.1589,0.16229,0.15815,0.15908,1245741.0
1734955200,0.15926,0.16244,0.15635,0.15653,401096.0
1734969600,0.15651,0.16286,0.15627,0.16128,334753.0
1734984000,0.16148,0.17339,0.16148,0.16937,438625.0
1734998400,0.16928,0.17011,0.16346,0.16725,401204.0
1735012800,0.16723,0.16861,0.16516,0.16626,993629.0
1735027200,0.1662,0.16853,0.16429,0.16714,130843.0
1735041600,0.16687,0.17434,0.16465,0.17266,723561.0
1735056000,0.17318,0.17413,0.16851,0.16859,89871.0
1735070400,0.16863,0.17253,0.16648,0.17169,255922.0
1735084800,0.17152,0.17295,0.16976,0.17107,54423.0
1735099200,0.17088,0.17284,0.16957,0.16991,126604.0
1735113600,0.16992,0.17351,0.16846,0.16846,157915.0
1735128000,0.16866,0.17056,0.16669,0.16682,75977.0
1735142400,0.16686,0.16783,0.16468,0.16688,104266.0
1735156800,0.16705,0.16777,0.16271,0.16577,124310.0
1735171200,0.16591,0.16847,0.15971,0.16035,112050.0
1735185600,0.1601,0.1601,0.15657,0.15735,118238.0
1735200000,0.15756,0.15756,0.1531,0.15616,151789.0
1735214400,0.15601,0.15751,0.1548,0.15546,130188.0
1735228800,0.15522,0.15679,0.15351,0.15487,228004.0
1735243200,0.15485,0.15594,0.15216,0.15447,143928.0
1735257600,0.15449,0.15775,0.1537,0.15653,145203.0
1735272000,0.15682,0.16176,0.1545,0.15828,183812.0
1735286400,0.15841,0.17101,0.15841,0.1679,2942839.0
1735300800,0.1688,0.1688,0.15984,0.16041,191136.0
1735315200,0.1612,0.16452,0.15849,0.16292,225308.0
1735329600,0.16333,0.16333,0.15808,0.15931,52022.0
1735344000,0.15949,0.1607,0.15724,0.15978,118573.0
1735358400,0.15988,0.15988,0.15592,0.15623,86501.0
1735372800,0.15651,0.15932,0.15637,0.15916,62092.0
1735387200,0.15921,0.167,0.15777,0.16341,227269.0
1735401600,0.16401,0.1666,0.16271,0.16448,120019.0
1735416000,0.16472,0.16823,0.16382,0.1659,370261.0
1735430400,0.16646,0.16651,0.16441,0.16632,94843.0
1735444800,0.16698,0.16715,0.16317,0.16523,84992.0
1735459200,0.16525,0.1655,0.16239,0.1625,78515.0
1735473600,0.16264,0.16442,0.16003,0.16074,144753.0
1735488000,0.16076,0.16081,0.15842,0.15944,82691.0
1735502400,0.15911,0.15929,0.1562,0.15819,124126.0
1735516800,0.1576,0.16365,0.1571,0.16147,334926.0
1735531200,0.16135,0.16444,0.16001,0.16206,106386.0
1735545600,0.162,0.16357,0.15613,0.15856,166799.0
1735560000,0.15857,0.16147,0.15296,0.15391,318246.0
1735574400,0.15379,0.16157,0.15172,0.16112,568147.0
1735588800,0.16126,0.1627,0.15511,0.15709,132714.0
1735603200,0.15715,0.15715,0.15164,0.15215,171268.0
1735617600,0.15227,0.15338,0.15006,0.15204,320357.0
1735632000,0.15206,0.15744,0.15206,0.15482,377982.0
1735646400,0.15479,0.16086,0.15428,0.15896,278656.0
1735660800,0.15901,0.16027,0.15466,0.15492,203824.0
1735675200,0.15527,0.15671,0.15353,0.15437,121195.0
1735689600,0.1541,0.15778,0.1541,0.15453,83355.0
1735704000,0.15448,0.15452,0.15232,0.1536,97172.0
1735718400,0.15361,0.15406,0.15037,0.15333,171955.0
1735732800,0.15351,0.16436,0.15261,0.16364,1059030.0
1735747200,0.16371,0.16704,0.16071,0.16629,348211.0
1735761600,0.16628,0.1674,0.16405,0.16461,128057.0
1735776000,0.16524,0.16914,0.16477,0.16822,220435.0
1735790400,0.16889,0.17311,0.16737,0.17304,165539.0
1735804800,0.17307,0.17493,0.1705,0.17336,371558.0
1735819200,0.17388,0.17561,0.17101,0.17214,645855.0
1735833600,0.17234,0.17519,0.17127,0.17171,286511.0
1735848000,0.17222,0.17277,0.16881,0.17148,185015.0
1735862400,0.17155,0.17191,0.16909,0.17059,161599.0
1735876800,0.17031,0.17171,0.167,0.16731,245318.0
1735891200,0.16739,0.17104,0.16223,0.1694,267304.0
1735905600,0.16893,0.17544,0.16847,0.17544,336162.0
1735920000,0.17546,0.17877,0.17541,0.17725,206876.0
1735934400,0.17756,0.17858,0.17582,0.17795,264521.0
1735948800,0.17854,0.17872,0.17562,0.17829,167111.0
1735963200,0.17764,0.18036,0.17559,0.17888,103606.0
1735977600,0.17892,0.17896,0.17389,0.17583,165799.0
1735992000,0.17584,0.17891,0.17282,0.17361,193751.0
1736006400,0.17416,0.17598,0.17339,0.17554,110096.0
1736020800,0.17606,0.1772,0.17535,0.17633,60394.0
1736035200,0.17629,0.17629,0.17279,0.17462,64599.0
1736049600,0.17475,0.17562,0.17349,0.1744,60804.0
1736064000,0.17457,0.17457,0.17111,0.17197,137414.0
1736078400,0.17219,0.17391,0.16972,0.173,119792.0
1736092800,0.17333,0.1739,0.17087,0.17382,64870.0
1736107200,0.17433,0.17738,0.17376,0.17639,82696.0
1736121600,0.17637,0.1784,0.17224,0.17671,200167.0
1736136000,0.17718,0.17719,0.17302,0.1745,146486.0
1736150400,0.17463,0.17525,0.17202,0.17508,135708.0
1736164800,0.17498,0.17995,0.17167,0.1793,124232.0
1736179200,0.17956,0.18192,0.17579,0.1775,284714.0
1736193600,0.17739,0.17841,0.1751,0.17684,99265.0
1736208000,0.17685,0.17794,0.17282,0.17407,113946.0
1736222400,0.17417,0.17437,0.17212,0.17272,96096.0
1736236800,0.17262,0.17492,0.17017,0.17106,124359.0
1736251200,0.17112,0.17325,0.16132,0.16335,724361.0
1736265600,0.16288,0.16431,0.15619,0.15663,416683.0
1736280000,0.15669,0.15798,0.15459,0.15508,212985.0
1736294400,0.15508,0.1571,0.15206,0.15295,156928.0
1736308800,0.15284,0.15302,0.14669,0.14934,225253.0
1736323200,0.14913,0.15123,0.14773,0.14894,80801.0
1736337600,0.14876,0.15125,0.14728,0.14918,122147.0
1736352000,0.14885,0.14895,0.13865,0.14403,610642.0
1736366400,0.14391,0.14704,0.14223,0.14627,171641.0
1736380800,0.14629,0.14801,0.14402,0.14432,269034.0
1736395200,0.14465,0.14511,0.1398,0.14015,254063.0
1736409600,0.14051,0.14492,0.14014,0.14294,228602.0
1736424000,0.14291,0.14489,0.13628,0.14397,472524.0
1736438400,0.14388,0.14521,0.13738,0.1378,400040.0
1736452800,0.13808,0.14128,0.13619,0.14009,455464.0
1736467200,0.14083,0.14226,0.13999,0.14163,142467.0
1736481600,0.14221,0.14709,0.14109,0.1456,222438.0
1736496000,0.14555,0.14679,0.14412,0.14538,147708.0
1736510400,0.14532,0.14571,0.13888,0.14155,582151.0
1736524800,0.14163,0.14564,0.13976,0.14424,237583.0
1736539200,0.1442,0.14455,0.14202,0.1437,134977.0
1736553600,0.14374,0.14496,0.14147,0.14158,126292.0
1736568000,0.14183,0.14321,0.1412,0.14184,70885.0
1736582400,0.14186,0.14352,0.14094,0.14309,61776.0
1736596800,0.14318,0.14318,0.14069,0.14108,74508.0
1736611200,0.14116,0.14159,0.13964,0.14042,82096.0
1736625600,0.14054,0.14548,0.14031,0.14249,134889.0
1736640000,0.14256,0.14313,0.14136,0.14217,106369.0
1736654400,0.1423,0.14236,0.13996,0.14095,105641.0
1736668800,0.14096,0.14116,0.13832,0.14059,109381.0
1736683200,0.14049,0.14206,0.13951,0.142,157018.0
1736697600,0.14206,0.14238,0.14012,0.14033,112380.0
1736712000,0.14039,0.14101,0.13706,0.13888,130872.0
1736726400,0.13894,0.14508,0.13386,0.13443,418750.0
1736740800,0.13408,0.13695,0.13126,0.13283,285042.0
1736755200,0.13292,0.13298,0.12063,0.12063,671465.0
1736769600,0.12062,0.12953,0.12055,0.12807,330117.0
1736784000,0.12767,0.12838,0.12204,0.12446,326628.0
1736798400,0.12429,0.13207,0.12337,0.13114,182838.0
1736812800,0.13118,0.1336,0.13027,0.13205,271085.0
1736827200,0.13212,0.13505,0.13205,0.13232,132222.0
1736841600,0.1323,0.13716,0.1323,0.13423,193016.0
1736856000,0.13453,0.13572,0.13233,0.13476,605713.0
1736870400,0.13476,0.13708,0.13333,0.1358,287563.0
1736884800,0.13591,0.13988,0.13495,0.13839,204998.0
1736899200,0.1387,0.13939,0.13554,0.13752,291847.0
1736913600,0.13818,0.13833,0.13554,0.13688,176774.0
1736928000,0.13697,0.13796,0.13271,0.13376,248340.0
1736942400,0.13421,0.14436,0.13288,0.14416,299699.0
1736956800,0.144,0.14625,0.14185,0.14597,547963.0
1736971200,0.14639,0.14751,0.14481,0.14701,210940.0
1736985600,0.14747,0.14747,0.14257,0.1435,137816.0
1737000000,0.14375,0.1444,0.14242,0.14379,107035.0
1737014400,0.14425,0.1443,0.14028,0.1432,168020.0
1737028800,0.14317,0.14624,0.13922,0.14279,681047.0
1737043200,0.14305,0.14619,0.14305,0.14619,135259.0
1737057600,0.14608,0.14681,0.14118,0.14218,80057.0
1737072000,0.14223,0.14802,0.14223,0.14569,94965.0
1737086400,0.14589,0.14799,0.14507,0.14662,163114.0
1737100800,0.14673,0.15013,0.1467,0.14944,297598.0
1737115200,0.14912,0.15268,0.14809,0.15106,326318.0
1737129600,0.15116,0.15307,0.14994,0.15088,267964.0
1737144000,0.15092,0.15594,0.15089,0.15402,472685.0
1737158400,0.15408,0.1558,0.14809,0.14847,464988.0
1737172800,0.14825,0.14901,0.13979,0.14051,887257.0
1737187200,0.14053,0.14324,0.13863,0.14256,415815.0
1737201600,0.14243,0.14305,0.13917,0.14051,326298.0
1737216000,0.14021,0.14121,0.13747,0.13989,678563.0
1737230400,0.14038,0.14121,0.13755,0.14064,154716.0
1737244800,0.1406,0.14587,0.14006,0.14254,138870.0
1737259200,0.14241,0.14241,0.13608,0.13642,481497.0
1737273600,0.13579,0.13591,0.12582,0.12682,1159286.0
1737288000,0.12663,0.13929,0.12663,0.13751,569386.0
1737302400,0.13714,0.13973,0.13578,0.13971,381655.0
1737316800,0.14026,0.14106,0.12266,0.12468,2432440.0
1737331200,0.12459,0.12471,0.1163,0.11893,2577636.0
1737345600,0.11916,0.13255,0.11818,0.12928,1466752.0
1737360000,0.12961,0.13701,0.12914,0.13698,405638.0
1737374400,0.13637,0.13637,0.12975,0.13045,880454.0
1737388800,0.13033,0.13168,0.12126,0.1281,1939091.0
1737403200,0.12779,0.12936,0.12352,0.12423,941813.0
1737417600,0.12399,0.12421,0.11829,0.12034,535492.0
1737432000,0.12017,0.12112,0.11758,0.12023,674077.0
1737446400,0.12026,0.12561,0.11905,0.12559,467246.0
1737460800,0.12508,0.12693,0.12303,0.12458,945660.0
1737475200,0.12443,0.13097,0.12413,0.12826,1253237.0
1737489600,0.12829,0.12953,0.12641,0.12799,360064.0
1737504000,0.12764,0.12983,0.1262,0.12891,129606.0
1737518400,0.129,0.12992,0.12704,0.12764,420132.0
1737532800,0.12807,0.12869,0.12603,0.12814,266614.0
1737547200,0.1282,0.12846,0.1244,0.12619,402765.0
1737561600,0.12584,0.12788,0.12449,0.12576,285510.0
1737576000,0.12603,0.12697,0.12295,0.12402,258874.0
1737590400,0.12364,0.12396,0.12057,0.12135,158401.0
1737604800,0.12111,0.12238,0.12009,0.12236,156608.0
1737619200,0.12215,0.12242,0.1195,0.12037,169657.0
1737633600,0.12012,0.12419,0.11847,0.12245,1304706.0
1737648000,0.1226,0.12524,0.11813,0.11842,509168.0
1737662400,0.11862,0.12307,0.11776,0.122,413999.0
1737676800,0.12199,0.12257,0.11622,0.11826,326568.0
1737691200,0.11811,0.12433,0.11772,0.12201,354341.0
1737705600,0.12201,0.12361,0.12152,0.12328,165548.0
1737720000,0.12362,0.124,0.12063,0.12182,490361.0
1737734400,0.12185,0.12206,0.11942,0.11967,295917.0
1737748800,0.11998,0.12031,0.11597,0.11697,426776.0
1737763200,0.11685,0.1183,0.1138,0.11825,385689.0
1737777600,0.11793,0.11817,0.11603,0.11634,439269.0
1737792000,0.1164,0.11696,0.11429,0.11664,139893.0
1737806400,0.11657,0.11909,0.11516,0.11819,127470.0
1737820800,0.11821,0.11872,0.11668,0.11748,122326.0
1737835200,0.11768,0.11855,0.1166,0.11687,71245.0
1737849600,0.11658,0.11934,0.11629,0.11856,115263.0
1737864000,0.11848,0.11932,0.11721,0.11768,164525.0
1737878400,0.11792,0.1188,0.11591,0.11877,144964.0
1737892800,0.11859,0.11951,0.11773,0.11924,493822.0
1737907200,0.11924,0.12065,0.11803,0.12018,381474.0
1737921600,0.12031,0.12031,0.11344,0.11358,1940273.0
1737936000,0.11344,0.11344,0.10699,0.10828,1544770.0
1737950400,0.10821,0.10822,0.10052,0.10359,2013453.0
1737964800,0.10338,0.10496,0.10132,0.10323,911785.0
1737979200,0.10329,0.11134,0.10308,0.11023,1570977.0
1737993600,0.11021,0.11062,0.10532,0.10664,800150.0
1738008000,0.10668,0.1128,0.10666,0.11148,1358315.0
1738022400,0.11149,0.11271,0.10879,0.11143,540429.0
1738036800,0.11161,0.11227,0.10928,0.1096,558016.0
1738051200,0.1098,0.10984,0.10838,0.109,499171.0
1738065600,0.1089,0.10939,0.10633,0.10656,2311595.0
1738080000,0.10653,0.10653,0.10183,0.10215,277376.0
1738094400,0.10217,0.10272,0.095449,0.096211,800081.0
1738108800,0.096132,0.10002,0.095052,0.098851,655321.0
1738123200,0.098957,0.10174,0.098411,0.10151,959938.0
1738137600,0.10151,0.10232,0.098912,0.10037,241098.0
1738152000,0.10065,0.1008,0.096236,0.097358,298471.0
1738166400,0.097338,0.10314,0.096423,0.10191,1476988.0
1738180800,0.10189,0.10548,0.099899,0.099999,3312188.0
1738195200,0.10007,0.10369,0.099074,0.10341,720005.0
1738209600,0.10365,0.10454,0.10232,0.10331,441764.0
1738224000,0.10346,0.10559,0.10245,0.10532,234844.0
1738238400,0.10501,0.10852,0.10417,0.10734,470183.0
1738252800,0.10752,0.10876,0.10668,0.10761,635190.0
1738267200,0.10773,0.10773,0.10514,0.10614,318595.0
1738281600,0.10613,0.10798,0.10412,0.10496,347849.0
1738296000,0.10466,0.10774,0.10361,0.10667,235172.0
1738310400,0.10652,0.10992,0.10498,0.1098,353108.0
1738324800,0.10956,0.11285,0.10921,0.11277,364862.0
1738339200,0.1128,0.11313,0.10686,0.10884,840587.0
1738353600,0.10856,0.10878,0.10597,0.10756,378324.0
1738368000,0.1074,0.10962,0.10623,0.10806,225996.0
1738382400,0.10833,0.11003,0.1066,0.10683,364281.0
1738396800,0.1069,0.10732,0.10298,0.10498,389675.0
1738411200,0.10488,0.10671,0.10295,0.10416,305602.0
1738425600,0.10383,0.10468,0.09875,0.099057,517161.0
1738440000,0.099124,0.099163,0.095171,0.096527,664049.0
1738454400,0.096254,0.098963,0.09273,0.093127,679409.0
1738468800,0.093239,0.095962,0.093009,0.094155,531828.0
1738483200,0.094111,0.095979,0.091067,0.091511,372067.0
1738497600,0.09155,0.094625,0.091407,0.09294,418311.0
1738512000,0.092952,0.092952,0.077704,0.080998,6430264.0
1738526400,0.080891,0.082931,0.072669,0.078324,3173949.0
1738540800,0.078192,0.078192,0.0581,0.064773,12030063.0
1738555200,0.06495,0.071738,0.061821,0.071502,2854013.0
1738569600,0.07128,0.072352,0.06815,0.070452,3568122.0
1738584000,0.070793,0.075184,0.067139,0.073907,2649976.0
1738598400,0.073921,0.07753,0.073385,0.07732,1641812.0
1738612800,0.077309,0.080217,0.0754,0.078042,1171847.0
1738627200,0.078021,0.078689,0.074065,0.074844,605370.0
1738641600,0.074961,0.076624,0.068997,0.069249,2493648.0
1738656000,0.069221,0.072085,0.068815,0.070703,782517.0
1738670400,0.070787,0.073441,0.070787,0.071755,1111659.0
1738684800,0.071689,0.073763,0.070746,0.07086,1730931.0
1738699200,0.070497,0.072012,0.06815,0.070941,1814747.0
1738713600,0.070951,0.071599,0.069979,0.07122,806727.0
1738728000,0.071078,0.071936,0.070005,0.070615,433964.0
1738742400,0.070633,0.072289,0.069908,0.071711,791337.0
1738756800,0.071703,0.072284,0.070048,0.071023,468512.0
1738771200,0.07138,0.07138,0.068219,0.070231,812157.0
1738785600,0.070159,0.070507,0.06738,0.06853,423175.0
1738800000,0.068509,0.06955,0.067931,0.068704,553674.0
1738814400,0.068777,0.069894,0.068349,0.068726,573448.0
1738828800,0.068927,0.069043,0.066955,0.067452,473600.0
1738843200,0.067508,0.067876,0.063722,0.063923,1212160.0
1738857600,0.063885,0.065201,0.063297,0.063297,1131298.0
1738872000,0.063212,0.06435,0.062883,0.063536,851926.0
1738886400,0.063446,0.066053,0.063384,0.064842,912455.0
1738900800,0.064844,0.065273,0.063031,0.064011,368132.0
1738915200,0.06401,0.06605,0.063681,0.06605,561426.0
1738929600,0.066021,0.069284,0.065418,0.066951,1422028.0
1738944000,0.066956,0.066956,0.064786,0.065113,615547.0
1738958400,0.064699,0.064699,0.061147,0.063707,564645.0
1738972800,0.063571,0.064717,0.063357,0.063829,723046.0
1738987200,0.063756,0.064407,0.062537,0.064042,335721.0
1739001600,0.063982,0.06459,0.063351,0.063901,394354.0
1739016000,0.063822,0.066413,0.062982,0.064911,617250.0
1739030400,0.064912,0.069103,0.06434,0.068579,658649.0
1739044800,0.068825,0.068825,0.066616,0.067618,137555.0
1739059200,0.067635,0.068615,0.066673,0.068318,396486.0
1739073600,0.068288,0.069027,0.066772,0.068682,396461.0
1739088000,0.068853,0.069301,0.067739,0.067739,293725.0
1739102400,0.067742,0.068126,0.064464,0.065741,361585.0
1739116800,0.06562,0.066133,0.064041,0.064225,297218.0
1739131200,0.064315,0.065368,0.061078,0.065187,1586630.0
1739145600,0.065198,0.06694,0.061846,0.064408,2447407.0
1739160000,0.064105,0.067434,0.064105,0.066157,682433.0
1739174400,0.066127,0.067107,0.065211,0.065848,786945.0
1739188800,0.065856,0.067304,0.064979,0.066837,1202149.0
1739203200,0.066758,0.067935,0.066605,0.067354,2216878.0
1739217600,0.067419,0.06889,0.066682,0.067055,913995.0
1739232000,0.067041,0.069319,0.067026,0.06762,607814.0
1739246400,0.067689,0.070185,0.067685,0.069303,1299905.0
1739260800,0.069577,0.070344,0.067786,0.068538,364121.0
1739275200,0.068682,0.068682,0.065424,0.066376,762547.0
1739289600,0.066092,0.066864,0.063853,0.0641,731727.0
1739304000,0.064014,0.06559,0.064014,0.06516,755402.0
1739318400,0.065138,0.066375,0.064454,0.06532,595240.0
1739332800,0.065126,0.066109,0.06462,0.065432,533989.0
1739347200,0.065528,0.065991,0.064666,0.065711,330329.0
1739361600,0.06573,0.067791,0.062882,0.066737,2738531.0
1739376000,0.066818,0.070078,0.065995,0.069556,1494470.0
1739390400,0.069466,0.07235,0.068851,0.071421,1079906.0
1739404800,0.071499,0.07261,0.070768,0.072295,504797.0
1739419200,0.072368,0.072368,0.068342,0.068537,506756.0
1739433600,0.068462,0.069291,0.06762,0.068567,837521.0
1739448000,0.068607,0.069098,0.066734,0.067986,928119.0
1739462400,0.067695,0.069266,0.066688,0.068183,827361.0
1739476800,0.068279,0.069544,0.068219,0.069048,459030.0
1739491200,0.069105,0.069607,0.068095,0.069467,412508.0
1739505600,0.069398,0.069605,0.068131,0.068487,270629.0
1739520000,0.068489,0.070991,0.068108,0.069386,591978.0
1739534400,0.069424,0.07126,0.06879,0.070507,1219037.0
1739548800,0.070559,0.07263,0.069832,0.07163,891171.0
1739563200,0.071727,0.071842,0.069412,0.07052,824011.0
1739577600,0.070284,0.071058,0.069591,0.070698,294403.0
1739592000,0.070747,0.070926,0.06918,0.069522,366496.0
1739606400,0.069538,0.069911,0.068178,0.068497,1296515.0
1739620800,0.068377,0.06892,0.066712,0.067241,1069622.0
1739635200,0.067206,0.067817,0.066253,0.066659,841297.0
1739649600,0.066696,0.066963,0.065561,0.066644,537289.0
1739664000,0.066651,0.067178,0.065289,0.066132,384501.0
1739678400,0.066061,0.066612,0.065619,0.06568,557364.0
1739692800,0.065767,0.068681,0.065702,0.068601,260597.0
1739707200,0.068517,0.06874,0.06572,0.06697,692950.0
1739721600,0.066877,0.067345,0.064835,0.065624,1009037.0
1739736000,0.065589,0.066158,0.064149,0.065813,789641.0
1739750400,0.065733,0.067534,0.065631,0.066762,762458.0
1739764800,0.066652,0.066652,0.064194,0.064603,1904320.0
1739779200,0.064414,0.066596,0.063883,0.066254,583287.0
1739793600,0.066305,0.068038,0.06497,0.06505,919762.0
1739808000,0.065091,0.065478,0.061815,0.062923,1938564.0
1739822400,0.062884,0.064528,0.062884,0.063548,535620.0
1739836800,0.063502,0.063873,0.062546,0.062846,2891665.0
1739851200,0.062795,0.062972,0.059085,0.059814,1883425.0
1739865600,0.059835,0.060631,0.058703,0.060156,928442.0
1739880000,0.060008,0.060971,0.057101,0.057172,641196.0
1739894400,0.057123,0.05811,0.055769,0.057664,1654230.0
1739908800,0.057675,0.059022,0.057202,0.058924,946444.0
1739923200,0.05888,0.059242,0.057958,0.05871,681739.0
1739937600,0.058753,0.059986,0.057547,0.059613,1211575.0
1739952000,0.059613,0.060544,0.059591,0.060507,854691.0
1739966400,0.060504,0.060668,0.059081,0.059262,1047225.0
1739980800,0.059334,0.060395,0.059047,0.059564,978109.0
1739995200,0.059638,0.060268,0.059027,0.059914,520376.0
1740009600,0.059861,0.061012,0.05972,0.060818,1142081.0
1740024000,0.060825,0.061577,0.059953,0.060179,461246.0
1740038400,0.060121,0.061754,0.059828,0.061524,565999.0
1740052800,0.061538,0.061831,0.059947,0.059962,2514434.0
1740067200,0.059975,0.062205,0.059968,0.061965,1153240.0
1740081600,0.062052,0.063491,0.062052,0.06323,895179.0
1740096000,0.063308,0.063625,0.062302,0.063143,819164.0
1740110400,0.063247,0.065422,0.063247,0.065223,883895.0
1740124800,0.065267,0.068181,0.065206,0.067241,1256278.0
1740139200,0.067461,0.068792,0.063604,0.065105,6821088.0
1740153600,0.065155,0.066891,0.061197,0.061541,1685634.0
1740168000,0.061546,0.062563,0.061033,0.062102,1133908.0
1740182400,0.061894,0.062651,0.061479,0.061726,521112.0
1740196800,0.061648,0.06251,0.061628,0.062191,807694.0
1740211200,0.062201,0.063808,0.062201,0.063661,853799.0
1740225600,0.063783,0.06483,0.063502,0.064678,843559.0
1740240000,0.064747,0.066063,0.064747,0.065048,1628225.0
1740254400,0.065093,0.06649,0.064785,0.065415,550432.0
1740268800,0.065498,0.066359,0.064885,0.065084,497983.0
1740283200,0.065083,0.066112,0.064534,0.066053,919233.0
1740297600,0.066017,0.066174,0.06403,0.06406,340662.0
1740312000,0.064102,0.064252,0.062279,0.062377,769504.0
1740326400,0.062187,0.063775,0.062094,0.063042,388001.0
1740340800,0.063018,0.06332,0.062053,0.062991,380347.0
1740355200,0.063002,0.06341,0.059871,0.060104,612573.0
1740369600,0.059977,0.060752,0.059183,0.060236,750072.0
1740384000,0.060242,0.060244,0.058494,0.059344,487339.0
1740398400,0.059201,0.059639,0.057148,0.057978,1054555.0
1740412800,0.057881,0.05857,0.05604,0.056502,778771.0
1740427200,0.056375,0.057707,0.051213,0.052244,3203476.0
1740441600,0.05234,0.052664,0.050166,0.051107,2614743.0
1740456000,0.050994,0.052176,0.04804,0.049908,2457317.0
1740470400,0.049878,0.052151,0.049668,0.05189,2787243.0
1740484800,0.051846,0.052953,0.050924,0.052261,1950685.0
1740499200,0.052495,0.053315,0.051646,0.053283,1355109.0
1740513600,0.053379,0.05467,0.05309,0.053449,1112472.0
1740528000,0.053468,0.0548,0.053365,0.054348,1737923.0
1740542400,0.054451,0.055118,0.054052,0.054826,1202508.0
1740556800,0.054791,0.055001,0.053993,0.054014,481529.0
1740571200,0.054033,0.054926,0.052094,0.054548,1841283.0
1740585600,0.054432,0.054709,0.051257,0.052182,1825489.0
1740600000,0.0522,0.055427,0.051751,0.054904,2446660.0
1740614400,0.054939,0.05695,0.054299,0.055504,1433019.0
1740628800,0.055475,0.056347,0.054831,0.056099,736772.0
1740643200,0.056025,0.056918,0.055629,0.056376,690870.0
1740657600,0.056397,0.056643,0.054741,0.055538,2825097.0
1740672000,0.055396,0.055713,0.054489,0.054617,1198305.0
1740686400,0.054495,0.055256,0.053244,0.05519,1210038.0
1740700800,0.05516,0.055244,0.05072,0.05072,1909859.0
1740715200,0.050801,0.05139,0.050024,0.050783,2523008.0
1740729600,0.050719,0.052227,0.050155,0.051154,1270841.0
1740744000,0.05106,0.054934,0.05106,0.054813,2874803.0
1740758400,0.054824,0.056547,0.05465,0.055752,1360114.0
1740772800,0.055617,0.056282,0.055276,0.055468,517721.0
1740787200,0.055527,0.05566,0.054326,0.055048,667672.0
1740801600,0.055027,0.055538,0.054055,0.054342,479394.0
1740816000,0.054318,0.05487,0.052683,0.052749,419324.0
1740830400,0.052758,0.053133,0.052134,0.052757,582541.0
1740844800,0.052725,0.053298,0.052503,0.05294,676633.0
1740859200,0.052849,0.054128,0.052717,0.053872,288658.0
1740873600,0.053785,0.054177,0.053166,0.053551,335407.0
1740888000,0.053527,0.054006,0.053096,0.053188,234341.0
1740902400,0.053215,0.054512,0.053085,0.054134,320056.0
1740916800,0.054092,0.055654,0.052502,0.054516,948642.0
1740931200,0.054555,0.05864,0.054323,0.058408,2646904.0
1740945600,0.058458,0.05907,0.058193,0.058818,663023.0
1740960000,0.058856,0.058863,0.05509,0.055738,487532.0
1740974400,0.055708,0.056574,0.054004,0.054882,917111.0
1740988800,0.054876,0.054985,0.053708,0.054238,1198893.0
1741003200,0.054269,0.054762,0.052656,0.053134,1067030.0
1741017600,0.053151,0.053444,0.048771,0.049437,1576673.0
1741032000,0.04912,0.049299,0.04756,0.048301,692010.0
1741046400,0.048287,0.049886,0.04316,0.045593,3174579.0
1741060800,0.045557,0.046791,0.045443,0.045786,1500292.0
1741075200,0.045836,0.046165,0.044871,0.045299,787159.0
1741089600,0.045281,0.046415,0.043797,0.044811,2380668.0
1741104000,0.044884,0.04638,0.041514,0.046236,4026660.0
1741118400,0.046269,0.047309,0.045624,0.046175,1556162.0
1741132800,0.046176,0.046385,0.045384,0.045404,1033372.0
1741147200,0.045149,0.046478,0.045149,0.046457,498320.0
1741161600,0.046376,0.048672,0.04634,0.047593,951470.0
1741176000,0.047615,0.04802,0.046161,0.04634,912250.0
1741190400,0.046382,0.048113,0.045848,0.047939,1309011.0
1741204800,0.048077,0.048472,0.047673,0.047774,446322.0
1741219200,0.047777,0.048051,0.046922,0.047972,582424.0
1741233600,0.047997,0.04884,0.047725,0.047962,530400.0
1741248000,0.047901,0.04878,0.047837,0.048653,752900.0
1741262400,0.048576,0.048702,0.047087,0.048329,1317815.0
1741276800,0.048423,0.048542,0.04612,0.046328,609611.0
1741291200,0.046275,0.047549,0.046275,0.046901,820023.0
1741305600,0.046824,0.047157,0.04398,0.046236,2066173.0
1741320000,0.046245,0.046724,0.046089,0.046643,224520.0
1741334400,0.046646,0.047371,0.046,0.047101,448788.0
1741348800,0.047115,0.047872,0.046424,0.047566,731085.0
1741363200,0.047717,0.048662,0.046234,0.047809,913621.0
1741377600,0.04778,0.047969,0.045747,0.046017,699641.0
1741392000,0.046017,0.046332,0.045147,0.045876,406661.0
1741406400,0.045896,0.046263,0.044944,0.04504,246735.0
1741420800,0.045072,0.04526,0.043943,0.044203,333265.0
1741435200,0.044225,0.044978,0.043896,0.044455,587319.0
1741449600,0.044558,0.045403,0.04361,0.045246,281681.0
1741464000,0.045262,0.045335,0.044058,0.044837,379885.0
1741478400,0.044862,0.044949,0.044174,0.044466,273099.0
1741492800,0.044391,0.044467,0.04371,0.044173,174289.0
1741507200,0.044162,0.044182,0.04236,0.042659,329882.0
1741521600,0.042672,0.043007,0.04056,0.040771,476361.0
1741536000,0.040833,0.041097,0.037882,0.039336,1918319.0
1741550400,0.039396,0.039888,0.038095,0.038691,655602.0
1741564800,0.038875,0.040022,0.03831,0.039173,1066128.0
1741579200,0.039148,0.040076,0.039119,0.039943,387856.0
1741593600,0.039986,0.04154,0.039268,0.041256,1584300.0
1741608000,0.041169,0.041721,0.03831,0.039288,1579986.0
1741622400,0.039222,0.039272,0.034831,0.036476,2630086.0
1741636800,0.036633,0.037191,0.036237,0.036237,1103584.0
1741651200,0.036306,0.036793,0.033158,0.035623,3694478.0
1741665600,0.03559,0.037059,0.03556,0.036623,1482347.0
1741680000,0.036569,0.036964,0.036327,0.036718,511696.0
1741694400,0.03674,0.0374,0.03515,0.037111,2243752.0
1741708800,0.036996,0.038584,0.036638,0.038441,1000007.0
1741723200,0.038471,0.038542,0.037383,0.037512,198726.0
1741737600,0.037499,0.038222,0.036741,0.036741,351222.0
1741752000,0.036762,0.038067,0.03643,0.038006,521633.0
1741766400,0.037999,0.039609,0.037999,0.038933,1038316.0
1741780800,0.038932,0.039915,0.037175,0.03777,760071.0
1741795200,0.037769,0.039115,0.037769,0.038633,312579.0
1741809600,0.038612,0.039095,0.038526,0.038891,354729.0
1741824000,0.038945,0.039033,0.038391,0.038642,250503.0
1741838400,0.038634,0.038771,0.037718,0.038229,248719.0
1741852800,0.038262,0.039416,0.037977,0.038916,353484.0
1741867200,0.038913,0.039447,0.037795,0.038454,559199.0
1741881600,0.038512,0.038512,0.037165,0.037285,321301.0
1741896000,0.037272,0.038282,0.036776,0.037907,257096.0
1741910400,0.037963,0.03831,0.037758,0.038086,282591.0
1741924800,0.038101,0.038728,0.038012,0.038515,260594.0
1741939200,0.038534,0.039081,0.038464,0.038996,212218.0
1741953600,0.038966,0.04037,0.038814,0.03979,546145.0
1741968000,0.039816,0.040042,0.03946,0.039748,378575.0
1741982400,0.039748,0.039748,0.0392,0.039222,207797.0
1741996800,0.039233,0.039368,0.038721,0.039322,188572.0
1742011200,0.039378,0.039663,0.03911,0.039266,210201.0
1742025600,0.039325,0.039478,0.039003,0.039363,183556.0
1742040000,0.039399,0.040209,0.039386,0.040209,209080.0
1742054400,0.040228,0.04066,0.039932,0.040107,224549.0
1742068800,0.040228,0.040697,0.040135,0.040348,184085.0
1742083200,0.040365,0.040368,0.039452,0.039928,223734.0
1742097600,0.039902,0.040549,0.039738,0.040114,200147.0
1742112000,0.040125,0.040294,0.03804,0.038077,381995.0
1742126400,0.038092,0.038491,0.037586,0.038116,589851.0
1742140800,0.038094,0.039071,0.037578,0.037643,787168.0
1742155200,0.037731,0.037897,0.037197,0.03749,252520.0
1742169600,0.037485,0.03882,0.037485,0.038729,497106.0
1742184000,0.038792,0.039119,0.038508,0.039026,253291.0
1742198400,0.039031,0.040164,0.038737,0.039886,746517.0
1742212800,0.039904,0.040779,0.039067,0.039547,525758.0
1742227200,0.039597,0.040808,0.039353,0.040543,389400.0
1742241600,0.040569,0.041296,0.040459,0.040687,358089.0
1742256000,0.040686,0.040868,0.039213,0.039252,250906.0
1742270400,0.0392,0.03957,0.038562,0.038928,365806.0
1742284800,0.038965,0.039728,0.038715,0.038987,554142.0
1742299200,0.039014,0.039686,0.037963,0.038047,478014.0
1742313600,0.038002,0.038166,0.037333,0.037983,353175.0
1742328000,0.038069,0.03857,0.037604,0.0385,331801.0
1742342400,0.038486,0.039117,0.038176,0.0386,367364.0
1742356800,0.038717,0.039175,0.038266,0.038294,243565.0
1742371200,0.038286,0.039451,0.038223,0.039015,1007102.0
1742385600,0.039065,0.039279,0.038475,0.039121,1466399.0
1742400000,0.039157,0.039157,0.037912,0.038574,727316.0
1742414400,0.038636,0.039176,0.038355,0.039142,372637.0
1742428800,0.039192,0.039326,0.037925,0.038003,367399.0
1742443200,0.037977,0.038226,0.037682,0.037945,372788.0
1742457600,0.038019,0.038339,0.037072,0.037317,283532.0
1742472000,0.037267,0.038078,0.037214,0.037286,289394.0
1742486400,0.03736,0.037718,0.036726,0.037422,461223.0
1742500800,0.037425,0.03751,0.03687,0.037082,359042.0
1742515200,0.037074,0.037867,0.037074,0.037349,318907.0
1742529600,0.03746,0.03868,0.03734,0.038607,856378.0
1742544000,0.038574,0.038983,0.036506,0.036793,591695.0
1742558400,0.036731,0.036957,0.035965,0.036536,638979.0
1742572800,0.036507,0.037262,0.036232,0.03704,732763.0
1742587200,0.03703,0.03728,0.036541,0.036635,306210.0
1742601600,0.036613,0.037494,0.036456,0.037424,259179.0
1742616000,0.037411,0.038482,0.037411,0.038227,220103.0
1742630400,0.038251,0.038748,0.038233,0.038355,320675.0
1742644800,0.03839,0.03839,0.037447,0.038005,293800.0
1742659200,0.037969,0.038768,0.037783,0.038437,250509.0
1742673600,0.038494,0.038515,0.037682,0.037691,194606.0
1742688000,0.03776,0.038877,0.037577,0.038851,326334.0
1742702400,0.038886,0.039572,0.038208,0.039355,471872.0
1742716800,0.039339,0.039748,0.038603,0.038946,626002.0
1742731200,0.038997,0.039063,0.037891,0.03798,393833.0
1742745600,0.037954,0.038342,0.037393,0.037804,296205.0
1742760000,0.037803,0.038509,0.037671,0.038464,362333.0
1742774400,0.038459,0.038695,0.037443,0.038545,319451.0
1742788800,0.038615,0.039207,0.038536,0.039026,869933.0
1742803200,0.039148,0.039272,0.038718,0.038917,225981.0
1742817600,0.038896,0.039788,0.038525,0.03903,532073.0
1742832000,0.039046,0.039583,0.038715,0.03929,433561.0
1742846400,0.039299,0.039769,0.039132,0.039519,389145.0
1742860800,0.039503,0.039996,0.038322,0.038518,563236.0
1742875200,0.038442,0.039427,0.038282,0.039098,309864.0
1742889600,0.039122,0.039793,0.039093,0.039679,620127.0
1742904000,0.039774,0.039957,0.039052,0.039474,298379.0
1742918400,0.03944,0.040194,0.039203,0.039706,365184.0
1742932800,0.039714,0.040383,0.039664,0.040333,361259.0
1742947200,0.040304,0.040304,0.039111,0.039116,363752.0
1742961600,0.039125,0.040656,0.039125,0.040654,951089.0
1742976000,0.040648,0.040674,0.040086,0.040423,570108.0
1742990400,0.040419,0.040512,0.03858,0.039053,560141.0
1743004800,0.039059,0.039369,0.03804,0.038585,415122.0
1743019200,0.038581,0.039256,0.038423,0.038805,374495.0
1743033600,0.038754,0.039654,0.038672,0.039498,253668.0
1743048000,0.039539,0.039706,0.039062,0.039132,235733.0
1743062400,0.039241,0.039258,0.038031,0.038122,410333.0
1743076800,0.038071,0.038927,0.037611,0.038865,390496.0
1743091200,0.038758,0.039222,0.038059,0.038924,674259.0
1743105600,0.038931,0.039204,0.038506,0.038586,326158.0
1743120000,0.038553,0.038771,0.037586,0.037696,284113.0
1743134400,0.037674,0.037733,0.034782,0.034782,796872.0
1743148800,0.034757,0.035001,0.034084,0.034684,652204.0
1743163200,0.034611,0.034697,0.033673,0.034017,736860.0
1743177600,0.03406,0.034183,0.0333,0.033479,409776.0
1743192000,0.033501,0.034147,0.033205,0.034014,465205.0
1743206400,0.033997,0.034253,0.03257,0.033191,563389.0
1743220800,0.033165,0.033255,0.031634,0.031821,356126.0
1743235200,0.031852,0.032293,0.031173,0.031403,380030.0
1743249600,0.031468,0.032019,0.031295,0.031359,428831.0
1743264000,0.031383,0.031458,0.03018,0.030793,500692.0
1743278400,0.030811,0.031226,0.030384,0.031121,260606.0
1743292800,0.031098,0.03167,0.030653,0.03151,474526.0
1743307200,0.031588,0.032273,0.031577,0.032107,273596.0
1743321600,0.032163,0.032433,0.031735,0.031876,465437.0
1743336000,0.031925,0.032007,0.031194,0.031688,421324.0
1743350400,0.031751,0.03279,0.031256,0.032441,695902.0
1743364800,0.032471,0.032665,0.031647,0.032038,641247.0
1743379200,0.032062,0.032431,0.031378,0.031759,494124.0
1743393600,0.03178,0.032288,0.031337,0.031551,2368481.0
1743408000,0.031683,0.031751,0.029996,0.03046,1294080.0
1743422400,0.030543,0.030918,0.029684,0.030738,991521.0
1743436800,0.030681,0.030762,0.029849,0.029931,492168.0
1743451200,0.029923,0.030126,0.029149,0.029371,512353.0
1743465600,0.029371,0.030532,0.0293,0.030291,531727.0
1743480000,0.03034,0.030735,0.030164,0.03059,922002.0
1743494400,0.030603,0.031362,0.029728,0.029852,885266.0
1743508800,0.029867,0.03004,0.02869,0.029783,841137.0
1743523200,0.029805,0.029997,0.028874,0.028932,763954.0
1743537600,0.028863,0.029796,0.028652,0.029501,308810.0
1743552000,0.029503,0.029592,0.028006,0.028859,571551.0
1743566400,0.028862,0.029026,0.027278,0.02756,1030069.0
1743580800,0.027568,0.027951,0.027262,0.027428,582447.0
1743595200,0.027403,0.028337,0.027024,0.028149,2097015.0
1743609600,0.02817,0.02839,0.027368,0.028055,530635.0
1743624000,0.028076,0.028729,0.025,0.025441,3026852.0
1743638400,0.025488,0.026462,0.025349,0.026107,1914380.0
1743652800,0.026047,0.026355,0.0248,0.025076,5340485.0
1743667200,0.025032,0.025171,0.023572,0.024059,8727259.0
1743681600,0.024059,0.024515,0.023526,0.024392,837501.0
1743696000,0.024414,0.024713,0.024152,0.02466,434179.0
1743710400,0.024666,0.025091,0.024598,0.024678,673903.0
1743724800,0.024757,0.024837,0.024316,0.024715,570924.0
1743739200,0.024741,0.025215,0.024345,0.024576,491089.0
1743753600,0.024643,0.024844,0.02337,0.023554,857498.0
1743768000,0.023574,0.024667,0.023419,0.024119,1280426.0
1743782400,0.024124,0.02468,0.02376,0.024309,677163.0
1743796800,0.024371,0.024662,0.024126,0.024179,370315.0
1743811200,0.024212,0.024481,0.024054,0.024166,473854.0
1743825600,0.02418,0.024639,0.024098,0.024588,406603.0
1743840000,0.024601,0.02466,0.024069,0.024111,1136353.0
1743854400,0.024117,0.024156,0.023383,0.023519,924132.0
1743868800,0.02355,0.023688,0.02332,0.023387,417932.0
1743883200,0.023405,0.023865,0.023405,0.023827,753652.0
1743897600,0.023812,0.023812,0.023327,0.02342,1212433.0
1743912000,0.023415,0.023875,0.02332,0.023392,558148.0
1743926400,0.023455,0.023733,0.023244,0.023392,864046.0
1743940800,0.023398,0.023398,0.02206,0.022526,2643005.0
1743955200,0.022515,0.022541,0.020255,0.020747,3082088.0
1743969600,0.020853,0.021049,0.020101,0.020757,643688.0
1743984000,0.020748,0.021513,0.020043,0.020324,1214893.0
1743998400,0.020314,0.020815,0.018557,0.019638,1210600.0
1744012800,0.019604,0.020563,0.019549,0.019987,3799209.0
1744027200,0.020024,0.022933,0.019881,0.021392,12073634.0
1744041600,0.021384,0.021789,0.020799,0.021505,2339307.0
1744056000,0.021554,0.021879,0.021469,0.021492,1143835.0
1744070400,0.021518,0.022153,0.021306,0.021729,1635724.0
1744084800,0.021762,0.02184,0.021098,0.021208,458034.0
1744099200,0.021208,0.021735,0.021104,0.0217,459361.0
1744113600,0.021772,0.021775,0.020961,0.021188,636195.0
1744128000,0.021194,0.021298,0.02037,0.020506,2548380.0
1744142400,0.020516,0.020629,0.020167,0.02036,1228095.0
1744156800,0.020377,0.020519,0.019374,0.020122,563785.0
1744171200,0.020127,0.0208,0.020127,0.020778,1183159.0
1744185600,0.020817,0.020954,0.0203,0.020455,402744.0
1744200000,0.020412,0.021202,0.020243,0.020969,364002.0
1744214400,0.020988,0.023382,0.020988,0.023026,3132932.0
1744228800,0.023022,0.02333,0.022861,0.023049,2833590.0
1744243200,0.023069,0.023069,0.022194,0.022324,1713446.0
1744257600,0.022313,0.022697,0.02209,0.022325,277067.0
1744272000,0.022401,0.022438,0.022096,0.022406,573624.0
1744286400,0.022401,0.022929,0.021569,0.021693,1599169.0
1744300800,0.021749,0.022363,0.021604,0.022268,2926524.0
1744315200,0.022286,0.022759,0.022277,0.022689,315541.0
1744329600,0.022692,0.024087,0.022441,0.024043,2418922.0
1744344000,0.024009,0.025524,0.024009,0.02441,4210817.0
1744358400,0.024347,0.024551,0.023818,0.024045,3637115.0
1744372800,0.024008,0.024027,0.024008,0.024027,2092.0
