t,o,h,l,c,v,n
1790179200,0.045478,0.046036,0.04369,0.044053,4904844.0,2218
1790193600,0.044076,0.04445,0.04348,0.043718,2186798.0,1263
1790208000,0.043741,0.044806,0.043532,0.044608,1623009.0,1373
1790222400,0.044616,0.045473,0.044234,0.044558,1038718.0,1091
1790236800,0.044582,0.044642,0.042848,0.043259,1538651.0,1006
1790251200,0.043234,0.045564,0.043052,0.045519,2630328.0,1190
1790265600,0.045477,0.045987,0.045042,0.045661,1259553.0,1162
1790280000,0.045675,0.045744,0.044706,0.044988,1019490.0,743
1790294400,0.044981,0.045444,0.044207,0.044568,810030.0,852
1790308800,0.044548,0.044959,0.044291,0.044326,655970.0,917
1790323200,0.044346,0.046263,0.044334,0.045587,1574453.0,1191
1790337600,0.045646,0.046554,0.045104,0.04578,1310556.0,1350
1790352000,0.045845,0.046965,0.045765,0.046156,979717.0,1106
1790366400,0.046194,0.046815,0.045416,0.046612,704520.0,830
1790380800,0.046575,0.046914,0.045536,0.045645,764759.0,960
1790395200,0.045622,0.045988,0.045479,0.045659,551733.0,586
1790409600,0.045678,0.045883,0.045094,0.04559,2415682.0,1216
1790424000,0.045602,0.046032,0.044822,0.04583,1054569.0,738
1790438400,0.045865,0.046179,0.045173,0.045211,516298.0,640
1790452800,0.045186,0.045186,0.044082,0.044872,1661907.0,1134
1790467200,0.04487,0.045196,0.04429,0.044703,320443.0,680
1790481600,0.044678,0.045602,0.044073,0.045545,1089012.0,848
1790496000,0.045641,0.045643,0.044736,0.04486,523283.0,698
1790510400,0.04488,0.045136,0.043385,0.043696,924456.0,1019
1790524800,0.043655,0.044318,0.043497,0.043997,772550.0,829
1790539200,0.044024,0.04435,0.043042,0.043943,1005218.0,1031
1790553600,0.043944,0.044447,0.041978,0.042282,1450297.0,1490
1790568000,0.042265,0.04266,0.040642,0.040665,1595745.0,1305
1790582400,0.040636,0.04162,0.040626,0.041495,1629140.0,1212
1790596800,0.041493,0.042064,0.040546,0.041717,2102206.0,1646
1790611200,0.04169,0.042859,0.04152,0.041864,1893780.0,1068
1790625600,0.04187,0.042302,0.041299,0.042267,1209892.0,940
1790640000,0.042259,0.042281,0.040521,0.041131,933950.0,1228
1790654400,0.041135,0.042708,0.040987,0.042661,1365124.0,997
1790668800,0.042687,0.043145,0.04226,0.042951,1633708.0,994
1790683200,0.042929,0.043254,0.041939,0.042096,3693555.0,1689
1790697600,0.042109,0.042478,0.041616,0.041878,729163.0,986
1790712000,0.04188,0.042444,0.041798,0.042043,677188.0,888
1790726400,0.042051,0.043036,0.041802,0.042251,612628.0,989
1790740800,0.042221,0.042862,0.042032,0.042656,838876.0,1056
1790755200,0.042662,0.043204,0.042381,0.042938,1412242.0,1148
1790769600,0.042918,0.044558,0.042259,0.042966,2332599.0,1636
1790784000,0.042979,0.043111,0.041518,0.041681,2420173.0,1315
1790798400,0.041725,0.042007,0.041399,0.041875,912244.0,871
1790812800,0.04188,0.044737,0.041693,0.044611,7751549.0,3911
1790827200,0.044609,0.047398,0.044106,0.045343,12574397.0,3825
1790841600,0.045414,0.047634,0.044899,0.046449,6088386.0,2722
1790856000,0.046393,0.05133,0.046138,0.05084,20719821.0,6880
1790870400,0.05084,0.055798,0.050486,0.051722,45289795.0,13742
1790884800,0.051845,0.052779,0.049916,0.050219,8966739.0,3867
1790899200,0.050235,0.056266,0.049688,0.05253,25184601.0,9304
1790913600,0.052582,0.054761,0.047584,0.047962,15045467.0,6460
1790928000,0.047961,0.048886,0.047259,0.047322,11866666.0,3321
1790942400,0.047347,0.050011,0.047193,0.048476,14477242.0,5193
1790956800,0.048502,0.049583,0.045282,0.045614,15799666.0,5027
1790971200,0.045729,0.046676,0.045134,0.046389,3992338.0,2225
1790985600,0.046385,0.047583,0.045743,0.046082,3797270.0,3239
1791000000,0.046122,0.046846,0.045508,0.045789,2301333.0,1971
1791014400,0.045776,0.047282,0.045648,0.046766,1773574.0,1570
1791028800,0.046766,0.049604,0.046001,0.049451,5950105.0,2784
1791043200,0.049444,0.050619,0.048512,0.050277,5043538.0,2206
